scenario	protocol	N	stall_ms	rep	owners
S1_init	current	2	0	1	1
S1_init	current	2	0	2	1
S1_init	current	2	0	3	1
S1_init	current	2	0	4	1
S1_init	current	2	0	5	1
S1_init	current	2	0	6	1
S1_init	current	2	0	7	1
S1_init	current	2	0	8	1
S1_init	current	2	0	9	1
S1_init	current	2	0	10	1
S1_init	current	2	0	11	1
S1_init	current	2	0	12	1
S1_init	current	2	0	13	1
S1_init	current	2	0	14	1
S1_init	current	2	0	15	1
S1_init	current	2	0	16	1
S1_init	current	2	0	17	1
S1_init	current	2	0	18	1
S1_init	current	2	0	19	1
S1_init	current	2	0	20	1
S1_init	current	2	5	1	1
S1_init	current	2	5	2	1
S1_init	current	2	5	3	1
S1_init	current	2	5	4	1
S1_init	current	2	5	5	1
S1_init	current	2	5	6	1
S1_init	current	2	5	7	1
S1_init	current	2	5	8	1
S1_init	current	2	5	9	1
S1_init	current	2	5	10	1
S1_init	current	2	5	11	1
S1_init	current	2	5	12	1
S1_init	current	2	5	13	1
S1_init	current	2	5	14	1
S1_init	current	2	5	15	1
S1_init	current	2	5	16	1
S1_init	current	2	5	17	1
S1_init	current	2	5	18	1
S1_init	current	2	5	19	1
S1_init	current	2	5	20	1
S1_init	current	2	50	1	2
S1_init	current	2	50	2	2
S1_init	current	2	50	3	2
S1_init	current	2	50	4	2
S1_init	current	2	50	5	2
S1_init	current	2	50	6	2
S1_init	current	2	50	7	2
S1_init	current	2	50	8	2
S1_init	current	2	50	9	2
S1_init	current	2	50	10	2
S1_init	current	2	50	11	2
S1_init	current	2	50	12	2
S1_init	current	2	50	13	2
S1_init	current	2	50	14	2
S1_init	current	2	50	15	2
S1_init	current	2	50	16	2
S1_init	current	2	50	17	2
S1_init	current	2	50	18	2
S1_init	current	2	50	19	2
S1_init	current	2	50	20	2
S1_init	current	4	0	1	1
S1_init	current	4	0	2	1
S1_init	current	4	0	3	1
S1_init	current	4	0	4	1
S1_init	current	4	0	5	1
S1_init	current	4	0	6	1
S1_init	current	4	0	7	1
S1_init	current	4	0	8	1
S1_init	current	4	0	9	1
S1_init	current	4	0	10	1
S1_init	current	4	0	11	1
S1_init	current	4	0	12	1
S1_init	current	4	0	13	1
S1_init	current	4	0	14	1
S1_init	current	4	0	15	1
S1_init	current	4	0	16	1
S1_init	current	4	0	17	1
S1_init	current	4	0	18	1
S1_init	current	4	0	19	1
S1_init	current	4	0	20	1
S1_init	current	4	5	1	1
S1_init	current	4	5	2	1
S1_init	current	4	5	3	1
S1_init	current	4	5	4	1
S1_init	current	4	5	5	1
S1_init	current	4	5	6	1
S1_init	current	4	5	7	1
S1_init	current	4	5	8	1
S1_init	current	4	5	9	1
S1_init	current	4	5	10	1
S1_init	current	4	5	11	1
S1_init	current	4	5	12	1
S1_init	current	4	5	13	1
S1_init	current	4	5	14	1
S1_init	current	4	5	15	1
S1_init	current	4	5	16	1
S1_init	current	4	5	17	1
S1_init	current	4	5	18	1
S1_init	current	4	5	19	1
S1_init	current	4	5	20	1
S1_init	current	4	50	1	2
S1_init	current	4	50	2	2
S1_init	current	4	50	3	2
S1_init	current	4	50	4	2
S1_init	current	4	50	5	2
S1_init	current	4	50	6	2
S1_init	current	4	50	7	2
S1_init	current	4	50	8	2
S1_init	current	4	50	9	2
S1_init	current	4	50	10	2
S1_init	current	4	50	11	3
S1_init	current	4	50	12	2
S1_init	current	4	50	13	2
S1_init	current	4	50	14	2
S1_init	current	4	50	15	2
S1_init	current	4	50	16	2
S1_init	current	4	50	17	2
S1_init	current	4	50	18	2
S1_init	current	4	50	19	2
S1_init	current	4	50	20	2
S1_init	current	8	0	1	1
S1_init	current	8	0	2	1
S1_init	current	8	0	3	1
S1_init	current	8	0	4	1
S1_init	current	8	0	5	1
S1_init	current	8	0	6	1
S1_init	current	8	0	7	1
S1_init	current	8	0	8	1
S1_init	current	8	0	9	1
S1_init	current	8	0	10	1
S1_init	current	8	0	11	1
S1_init	current	8	0	12	1
S1_init	current	8	0	13	1
S1_init	current	8	0	14	1
S1_init	current	8	0	15	1
S1_init	current	8	0	16	1
S1_init	current	8	0	17	1
S1_init	current	8	0	18	1
S1_init	current	8	0	19	1
S1_init	current	8	0	20	1
S1_init	current	8	5	1	1
S1_init	current	8	5	2	1
S1_init	current	8	5	3	1
S1_init	current	8	5	4	1
S1_init	current	8	5	5	1
S1_init	current	8	5	6	1
S1_init	current	8	5	7	1
S1_init	current	8	5	8	1
S1_init	current	8	5	9	1
S1_init	current	8	5	10	1
S1_init	current	8	5	11	1
S1_init	current	8	5	12	1
S1_init	current	8	5	13	1
S1_init	current	8	5	14	1
S1_init	current	8	5	15	1
S1_init	current	8	5	16	1
S1_init	current	8	5	17	1
S1_init	current	8	5	18	1
S1_init	current	8	5	19	1
S1_init	current	8	5	20	1
S1_init	current	8	50	1	2
S1_init	current	8	50	2	2
S1_init	current	8	50	3	2
S1_init	current	8	50	4	2
S1_init	current	8	50	5	2
S1_init	current	8	50	6	2
S1_init	current	8	50	7	2
S1_init	current	8	50	8	2
S1_init	current	8	50	9	2
S1_init	current	8	50	10	2
S1_init	current	8	50	11	2
S1_init	current	8	50	12	2
S1_init	current	8	50	13	2
S1_init	current	8	50	14	2
S1_init	current	8	50	15	2
S1_init	current	8	50	16	2
S1_init	current	8	50	17	2
S1_init	current	8	50	18	2
S1_init	current	8	50	19	2
S1_init	current	8	50	20	3
S2_longstall	current	4	200	1	2
S2_longstall	current	4	200	2	2
S2_longstall	current	4	200	3	2
S2_longstall	current	4	200	4	2
S2_longstall	current	4	200	5	2
S2_longstall	current	4	200	6	2
S2_longstall	current	4	200	7	2
S2_longstall	current	4	200	8	2
S2_longstall	current	4	200	9	2
S2_longstall	current	4	200	10	2
S2_longstall	current	4	200	11	2
S2_longstall	current	4	200	12	2
S2_longstall	current	4	200	13	2
S2_longstall	current	4	200	14	2
S2_longstall	current	4	200	15	2
S2_longstall	current	4	200	16	2
S2_longstall	current	4	200	17	2
S2_longstall	current	4	200	18	2
S2_longstall	current	4	200	19	2
S2_longstall	current	4	200	20	2
S2_longstall	current	4	1000	1	2
S2_longstall	current	4	1000	2	2
S2_longstall	current	4	1000	3	2
S2_longstall	current	4	1000	4	2
S2_longstall	current	4	1000	5	2
S2_longstall	current	4	1000	6	2
S2_longstall	current	4	1000	7	2
S2_longstall	current	4	1000	8	2
S2_longstall	current	4	1000	9	2
S2_longstall	current	4	1000	10	2
S2_longstall	current	4	1000	11	2
S2_longstall	current	4	1000	12	2
S2_longstall	current	4	1000	13	2
S2_longstall	current	4	1000	14	2
S2_longstall	current	4	1000	15	2
S2_longstall	current	4	1000	16	2
S2_longstall	current	4	1000	17	2
S2_longstall	current	4	1000	18	2
S2_longstall	current	4	1000	19	2
S2_longstall	current	4	1000	20	2
S3_aba	current	2	0	1	2
S3_aba	current	2	0	2	2
S3_aba	current	2	0	3	2
S3_aba	current	2	0	4	2
S3_aba	current	2	0	5	2
S3_aba	current	2	0	6	2
S3_aba	current	2	0	7	2
S3_aba	current	2	0	8	2
S3_aba	current	2	0	9	2
S3_aba	current	2	0	10	2
S3_aba	current	2	0	11	2
S3_aba	current	2	0	12	2
S3_aba	current	2	0	13	2
S3_aba	current	2	0	14	2
S3_aba	current	2	0	15	2
S3_aba	current	2	0	16	2
S3_aba	current	2	0	17	2
S3_aba	current	2	0	18	2
S3_aba	current	2	0	19	2
S3_aba	current	2	0	20	2
S4_dualreclaim	current	2	0	1	1
S4_dualreclaim	current	2	0	2	1
S4_dualreclaim	current	2	0	3	1
S4_dualreclaim	current	2	0	4	1
S4_dualreclaim	current	2	0	5	1
S4_dualreclaim	current	2	0	6	1
S4_dualreclaim	current	2	0	7	1
S4_dualreclaim	current	2	0	8	1
S4_dualreclaim	current	2	0	9	1
S4_dualreclaim	current	2	0	10	1
S4_dualreclaim	current	2	0	11	1
S4_dualreclaim	current	2	0	12	1
S4_dualreclaim	current	2	0	13	1
S4_dualreclaim	current	2	0	14	1
S4_dualreclaim	current	2	0	15	1
S4_dualreclaim	current	2	0	16	1
S4_dualreclaim	current	2	0	17	1
S4_dualreclaim	current	2	0	18	1
S4_dualreclaim	current	2	0	19	1
S4_dualreclaim	current	2	0	20	1
S5_scratch	current	2	0	1	1
S5_scratch	current	2	0	2	1
S5_scratch	current	2	0	3	1
S5_scratch	current	2	0	4	1
S5_scratch	current	2	0	5	1
S5_scratch	current	2	0	6	1
S5_scratch	current	2	0	7	1
S5_scratch	current	2	0	8	1
S5_scratch	current	2	0	9	1
S5_scratch	current	2	0	10	1
S5_scratch	current	2	0	11	1
S5_scratch	current	2	0	12	1
S5_scratch	current	2	0	13	1
S5_scratch	current	2	0	14	1
S5_scratch	current	2	0	15	1
S5_scratch	current	2	0	16	1
S5_scratch	current	2	0	17	1
S5_scratch	current	2	0	18	1
S5_scratch	current	2	0	19	1
S5_scratch	current	2	0	20	1
S5_scratch	current	4	0	1	1
S5_scratch	current	4	0	2	1
S5_scratch	current	4	0	3	1
S5_scratch	current	4	0	4	1
S5_scratch	current	4	0	5	1
S5_scratch	current	4	0	6	1
S5_scratch	current	4	0	7	1
S5_scratch	current	4	0	8	1
S5_scratch	current	4	0	9	1
S5_scratch	current	4	0	10	1
S5_scratch	current	4	0	11	1
S5_scratch	current	4	0	12	1
S5_scratch	current	4	0	13	1
S5_scratch	current	4	0	14	1
S5_scratch	current	4	0	15	1
S5_scratch	current	4	0	16	1
S5_scratch	current	4	0	17	1
S5_scratch	current	4	0	18	1
S5_scratch	current	4	0	19	1
S5_scratch	current	4	0	20	1
S5_scratch	current	8	0	1	1
S5_scratch	current	8	0	2	1
S5_scratch	current	8	0	3	1
S5_scratch	current	8	0	4	1
S5_scratch	current	8	0	5	1
S5_scratch	current	8	0	6	1
S5_scratch	current	8	0	7	1
S5_scratch	current	8	0	8	1
S5_scratch	current	8	0	9	1
S5_scratch	current	8	0	10	1
S5_scratch	current	8	0	11	1
S5_scratch	current	8	0	12	1
S5_scratch	current	8	0	13	1
S5_scratch	current	8	0	14	1
S5_scratch	current	8	0	15	1
S5_scratch	current	8	0	16	1
S5_scratch	current	8	0	17	1
S5_scratch	current	8	0	18	1
S5_scratch	current	8	0	19	1
S5_scratch	current	8	0	20	1
S5_scratch	current	16	0	1	1
S5_scratch	current	16	0	2	1
S5_scratch	current	16	0	3	1
S5_scratch	current	16	0	4	1
S5_scratch	current	16	0	5	1
S5_scratch	current	16	0	6	1
S5_scratch	current	16	0	7	1
S5_scratch	current	16	0	8	1
S5_scratch	current	16	0	9	1
S5_scratch	current	16	0	10	1
S5_scratch	current	16	0	11	1
S5_scratch	current	16	0	12	1
S5_scratch	current	16	0	13	1
S5_scratch	current	16	0	14	1
S5_scratch	current	16	0	15	1
S5_scratch	current	16	0	16	1
S5_scratch	current	16	0	17	1
S5_scratch	current	16	0	18	1
S5_scratch	current	16	0	19	1
S5_scratch	current	16	0	20	1
S6_deadN	current	2	0	1	1
S6_deadN	current	2	0	2	1
S6_deadN	current	2	0	3	1
S6_deadN	current	2	0	4	1
S6_deadN	current	2	0	5	1
S6_deadN	current	2	0	6	1
S6_deadN	current	2	0	7	1
S6_deadN	current	2	0	8	1
S6_deadN	current	2	0	9	1
S6_deadN	current	2	0	10	1
S6_deadN	current	2	0	11	1
S6_deadN	current	2	0	12	2
S6_deadN	current	2	0	13	1
S6_deadN	current	2	0	14	1
S6_deadN	current	2	0	15	1
S6_deadN	current	2	0	16	1
S6_deadN	current	2	0	17	1
S6_deadN	current	2	0	18	1
S6_deadN	current	2	0	19	1
S6_deadN	current	2	0	20	1
S6_deadN	current	4	0	1	1
S6_deadN	current	4	0	2	1
S6_deadN	current	4	0	3	1
S6_deadN	current	4	0	4	1
S6_deadN	current	4	0	5	1
S6_deadN	current	4	0	6	1
S6_deadN	current	4	0	7	1
S6_deadN	current	4	0	8	1
S6_deadN	current	4	0	9	1
S6_deadN	current	4	0	10	1
S6_deadN	current	4	0	11	1
S6_deadN	current	4	0	12	1
S6_deadN	current	4	0	13	1
S6_deadN	current	4	0	14	1
S6_deadN	current	4	0	15	1
S6_deadN	current	4	0	16	1
S6_deadN	current	4	0	17	1
S6_deadN	current	4	0	18	1
S6_deadN	current	4	0	19	1
S6_deadN	current	4	0	20	1
S6_deadN	current	8	0	1	1
S6_deadN	current	8	0	2	1
S6_deadN	current	8	0	3	1
S6_deadN	current	8	0	4	1
S6_deadN	current	8	0	5	1
S6_deadN	current	8	0	6	1
S6_deadN	current	8	0	7	1
S6_deadN	current	8	0	8	1
S6_deadN	current	8	0	9	1
S6_deadN	current	8	0	10	1
S6_deadN	current	8	0	11	1
S6_deadN	current	8	0	12	1
S6_deadN	current	8	0	13	1
S6_deadN	current	8	0	14	1
S6_deadN	current	8	0	15	1
S6_deadN	current	8	0	16	1
S6_deadN	current	8	0	17	1
S6_deadN	current	8	0	18	1
S6_deadN	current	8	0	19	1
S6_deadN	current	8	0	20	1
S1_init	spec	2	0	1	1
S1_init	spec	2	0	2	1
S1_init	spec	2	0	3	1
S1_init	spec	2	0	4	1
S1_init	spec	2	0	5	1
S1_init	spec	2	0	6	1
S1_init	spec	2	0	7	1
S1_init	spec	2	0	8	1
S1_init	spec	2	0	9	1
S1_init	spec	2	0	10	1
S1_init	spec	2	0	11	1
S1_init	spec	2	0	12	1
S1_init	spec	2	0	13	1
S1_init	spec	2	0	14	1
S1_init	spec	2	0	15	1
S1_init	spec	2	0	16	1
S1_init	spec	2	0	17	1
S1_init	spec	2	0	18	1
S1_init	spec	2	0	19	1
S1_init	spec	2	0	20	1
S1_init	spec	2	5	1	1
S1_init	spec	2	5	2	1
S1_init	spec	2	5	3	1
S1_init	spec	2	5	4	1
S1_init	spec	2	5	5	1
S1_init	spec	2	5	6	1
S1_init	spec	2	5	7	1
S1_init	spec	2	5	8	1
S1_init	spec	2	5	9	1
S1_init	spec	2	5	10	1
S1_init	spec	2	5	11	1
S1_init	spec	2	5	12	1
S1_init	spec	2	5	13	1
S1_init	spec	2	5	14	1
S1_init	spec	2	5	15	1
S1_init	spec	2	5	16	1
S1_init	spec	2	5	17	1
S1_init	spec	2	5	18	1
S1_init	spec	2	5	19	1
S1_init	spec	2	5	20	1
S1_init	spec	2	50	1	1
S1_init	spec	2	50	2	1
S1_init	spec	2	50	3	1
S1_init	spec	2	50	4	1
S1_init	spec	2	50	5	1
S1_init	spec	2	50	6	1
S1_init	spec	2	50	7	1
S1_init	spec	2	50	8	1
S1_init	spec	2	50	9	1
S1_init	spec	2	50	10	1
S1_init	spec	2	50	11	1
S1_init	spec	2	50	12	1
S1_init	spec	2	50	13	1
S1_init	spec	2	50	14	1
S1_init	spec	2	50	15	1
S1_init	spec	2	50	16	1
S1_init	spec	2	50	17	1
S1_init	spec	2	50	18	1
S1_init	spec	2	50	19	1
S1_init	spec	2	50	20	1
S1_init	spec	4	0	1	1
S1_init	spec	4	0	2	1
S1_init	spec	4	0	3	1
S1_init	spec	4	0	4	1
S1_init	spec	4	0	5	1
S1_init	spec	4	0	6	1
S1_init	spec	4	0	7	1
S1_init	spec	4	0	8	1
S1_init	spec	4	0	9	1
S1_init	spec	4	0	10	1
S1_init	spec	4	0	11	1
S1_init	spec	4	0	12	1
S1_init	spec	4	0	13	1
S1_init	spec	4	0	14	1
S1_init	spec	4	0	15	1
S1_init	spec	4	0	16	1
S1_init	spec	4	0	17	1
S1_init	spec	4	0	18	1
S1_init	spec	4	0	19	1
S1_init	spec	4	0	20	1
S1_init	spec	4	5	1	1
S1_init	spec	4	5	2	1
S1_init	spec	4	5	3	1
S1_init	spec	4	5	4	1
S1_init	spec	4	5	5	1
S1_init	spec	4	5	6	1
S1_init	spec	4	5	7	1
S1_init	spec	4	5	8	1
S1_init	spec	4	5	9	1
S1_init	spec	4	5	10	1
S1_init	spec	4	5	11	1
S1_init	spec	4	5	12	1
S1_init	spec	4	5	13	1
S1_init	spec	4	5	14	1
S1_init	spec	4	5	15	1
S1_init	spec	4	5	16	1
S1_init	spec	4	5	17	1
S1_init	spec	4	5	18	1
S1_init	spec	4	5	19	1
S1_init	spec	4	5	20	1
S1_init	spec	4	50	1	1
S1_init	spec	4	50	2	1
S1_init	spec	4	50	3	1
S1_init	spec	4	50	4	1
S1_init	spec	4	50	5	1
S1_init	spec	4	50	6	1
S1_init	spec	4	50	7	1
S1_init	spec	4	50	8	1
S1_init	spec	4	50	9	1
S1_init	spec	4	50	10	1
S1_init	spec	4	50	11	1
S1_init	spec	4	50	12	1
S1_init	spec	4	50	13	1
S1_init	spec	4	50	14	1
S1_init	spec	4	50	15	1
S1_init	spec	4	50	16	1
S1_init	spec	4	50	17	1
S1_init	spec	4	50	18	1
S1_init	spec	4	50	19	1
S1_init	spec	4	50	20	1
S1_init	spec	8	0	1	1
S1_init	spec	8	0	2	1
S1_init	spec	8	0	3	1
S1_init	spec	8	0	4	1
S1_init	spec	8	0	5	1
S1_init	spec	8	0	6	1
S1_init	spec	8	0	7	1
S1_init	spec	8	0	8	1
S1_init	spec	8	0	9	1
S1_init	spec	8	0	10	1
S1_init	spec	8	0	11	1
S1_init	spec	8	0	12	1
S1_init	spec	8	0	13	1
S1_init	spec	8	0	14	1
S1_init	spec	8	0	15	1
S1_init	spec	8	0	16	1
S1_init	spec	8	0	17	1
S1_init	spec	8	0	18	1
S1_init	spec	8	0	19	1
S1_init	spec	8	0	20	1
S1_init	spec	8	5	1	1
S1_init	spec	8	5	2	1
S1_init	spec	8	5	3	1
S1_init	spec	8	5	4	1
S1_init	spec	8	5	5	1
S1_init	spec	8	5	6	1
S1_init	spec	8	5	7	1
S1_init	spec	8	5	8	1
S1_init	spec	8	5	9	1
S1_init	spec	8	5	10	1
S1_init	spec	8	5	11	1
S1_init	spec	8	5	12	1
S1_init	spec	8	5	13	1
S1_init	spec	8	5	14	1
S1_init	spec	8	5	15	1
S1_init	spec	8	5	16	1
S1_init	spec	8	5	17	1
S1_init	spec	8	5	18	1
S1_init	spec	8	5	19	1
S1_init	spec	8	5	20	1
S1_init	spec	8	50	1	1
S1_init	spec	8	50	2	1
S1_init	spec	8	50	3	1
S1_init	spec	8	50	4	1
S1_init	spec	8	50	5	1
S1_init	spec	8	50	6	1
S1_init	spec	8	50	7	1
S1_init	spec	8	50	8	1
S1_init	spec	8	50	9	1
S1_init	spec	8	50	10	1
S1_init	spec	8	50	11	1
S1_init	spec	8	50	12	1
S1_init	spec	8	50	13	1
S1_init	spec	8	50	14	1
S1_init	spec	8	50	15	1
S1_init	spec	8	50	16	1
S1_init	spec	8	50	17	1
S1_init	spec	8	50	18	1
S1_init	spec	8	50	19	1
S1_init	spec	8	50	20	1
S2_longstall	spec	4	200	1	2
S2_longstall	spec	4	200	2	2
S2_longstall	spec	4	200	3	2
S2_longstall	spec	4	200	4	3
S2_longstall	spec	4	200	5	2
S2_longstall	spec	4	200	6	2
S2_longstall	spec	4	200	7	2
S2_longstall	spec	4	200	8	2
S2_longstall	spec	4	200	9	2
S2_longstall	spec	4	200	10	2
S2_longstall	spec	4	200	11	2
S2_longstall	spec	4	200	12	2
S2_longstall	spec	4	200	13	2
S2_longstall	spec	4	200	14	2
S2_longstall	spec	4	200	15	2
S2_longstall	spec	4	200	16	2
S2_longstall	spec	4	200	17	2
S2_longstall	spec	4	200	18	3
S2_longstall	spec	4	200	19	2
S2_longstall	spec	4	200	20	2
S2_longstall	spec	4	1000	1	2
S2_longstall	spec	4	1000	2	2
S2_longstall	spec	4	1000	3	2
S2_longstall	spec	4	1000	4	2
S2_longstall	spec	4	1000	5	2
S2_longstall	spec	4	1000	6	2
S2_longstall	spec	4	1000	7	2
S2_longstall	spec	4	1000	8	2
S2_longstall	spec	4	1000	9	2
S2_longstall	spec	4	1000	10	2
S2_longstall	spec	4	1000	11	2
S2_longstall	spec	4	1000	12	2
S2_longstall	spec	4	1000	13	2
S2_longstall	spec	4	1000	14	3
S2_longstall	spec	4	1000	15	2
S2_longstall	spec	4	1000	16	2
S2_longstall	spec	4	1000	17	2
S2_longstall	spec	4	1000	18	2
S2_longstall	spec	4	1000	19	2
S2_longstall	spec	4	1000	20	2
S3_aba	spec	2	0	1	2
S3_aba	spec	2	0	2	2
S3_aba	spec	2	0	3	2
S3_aba	spec	2	0	4	2
S3_aba	spec	2	0	5	2
S3_aba	spec	2	0	6	2
S3_aba	spec	2	0	7	2
S3_aba	spec	2	0	8	2
S3_aba	spec	2	0	9	2
S3_aba	spec	2	0	10	2
S3_aba	spec	2	0	11	2
S3_aba	spec	2	0	12	2
S3_aba	spec	2	0	13	2
S3_aba	spec	2	0	14	2
S3_aba	spec	2	0	15	2
S3_aba	spec	2	0	16	2
S3_aba	spec	2	0	17	2
S3_aba	spec	2	0	18	2
S3_aba	spec	2	0	19	2
S3_aba	spec	2	0	20	2
S4_dualreclaim	spec	2	0	1	1
S4_dualreclaim	spec	2	0	2	1
S4_dualreclaim	spec	2	0	3	1
S4_dualreclaim	spec	2	0	4	1
S4_dualreclaim	spec	2	0	5	1
S4_dualreclaim	spec	2	0	6	1
S4_dualreclaim	spec	2	0	7	1
S4_dualreclaim	spec	2	0	8	1
S4_dualreclaim	spec	2	0	9	1
S4_dualreclaim	spec	2	0	10	1
S4_dualreclaim	spec	2	0	11	1
S4_dualreclaim	spec	2	0	12	1
S4_dualreclaim	spec	2	0	13	1
S4_dualreclaim	spec	2	0	14	1
S4_dualreclaim	spec	2	0	15	1
S4_dualreclaim	spec	2	0	16	1
S4_dualreclaim	spec	2	0	17	1
S4_dualreclaim	spec	2	0	18	1
S4_dualreclaim	spec	2	0	19	1
S4_dualreclaim	spec	2	0	20	1
S5_scratch	spec	2	0	1	1
S5_scratch	spec	2	0	2	1
S5_scratch	spec	2	0	3	1
S5_scratch	spec	2	0	4	1
S5_scratch	spec	2	0	5	1
S5_scratch	spec	2	0	6	1
S5_scratch	spec	2	0	7	1
S5_scratch	spec	2	0	8	1
S5_scratch	spec	2	0	9	1
S5_scratch	spec	2	0	10	1
S5_scratch	spec	2	0	11	1
S5_scratch	spec	2	0	12	1
S5_scratch	spec	2	0	13	1
S5_scratch	spec	2	0	14	1
S5_scratch	spec	2	0	15	1
S5_scratch	spec	2	0	16	1
S5_scratch	spec	2	0	17	1
S5_scratch	spec	2	0	18	1
S5_scratch	spec	2	0	19	1
S5_scratch	spec	2	0	20	1
S5_scratch	spec	4	0	1	1
S5_scratch	spec	4	0	2	1
S5_scratch	spec	4	0	3	1
S5_scratch	spec	4	0	4	1
S5_scratch	spec	4	0	5	1
S5_scratch	spec	4	0	6	1
S5_scratch	spec	4	0	7	1
S5_scratch	spec	4	0	8	1
S5_scratch	spec	4	0	9	1
S5_scratch	spec	4	0	10	1
S5_scratch	spec	4	0	11	1
S5_scratch	spec	4	0	12	1
S5_scratch	spec	4	0	13	1
S5_scratch	spec	4	0	14	1
S5_scratch	spec	4	0	15	1
S5_scratch	spec	4	0	16	1
S5_scratch	spec	4	0	17	1
S5_scratch	spec	4	0	18	1
S5_scratch	spec	4	0	19	1
S5_scratch	spec	4	0	20	1
S5_scratch	spec	8	0	1	1
S5_scratch	spec	8	0	2	1
S5_scratch	spec	8	0	3	1
S5_scratch	spec	8	0	4	1
S5_scratch	spec	8	0	5	1
S5_scratch	spec	8	0	6	1
S5_scratch	spec	8	0	7	1
S5_scratch	spec	8	0	8	1
S5_scratch	spec	8	0	9	1
S5_scratch	spec	8	0	10	1
S5_scratch	spec	8	0	11	1
S5_scratch	spec	8	0	12	1
S5_scratch	spec	8	0	13	1
S5_scratch	spec	8	0	14	1
S5_scratch	spec	8	0	15	1
S5_scratch	spec	8	0	16	1
S5_scratch	spec	8	0	17	1
S5_scratch	spec	8	0	18	1
S5_scratch	spec	8	0	19	1
S5_scratch	spec	8	0	20	1
S5_scratch	spec	16	0	1	1
S5_scratch	spec	16	0	2	1
S5_scratch	spec	16	0	3	1
S5_scratch	spec	16	0	4	1
S5_scratch	spec	16	0	5	1
S5_scratch	spec	16	0	6	1
S5_scratch	spec	16	0	7	1
S5_scratch	spec	16	0	8	1
S5_scratch	spec	16	0	9	1
S5_scratch	spec	16	0	10	1
S5_scratch	spec	16	0	11	1
S5_scratch	spec	16	0	12	1
S5_scratch	spec	16	0	13	1
S5_scratch	spec	16	0	14	1
S5_scratch	spec	16	0	15	1
S5_scratch	spec	16	0	16	1
S5_scratch	spec	16	0	17	1
S5_scratch	spec	16	0	18	1
S5_scratch	spec	16	0	19	1
S5_scratch	spec	16	0	20	1
S6_deadN	spec	2	0	1	1
S6_deadN	spec	2	0	2	1
S6_deadN	spec	2	0	3	1
S6_deadN	spec	2	0	4	1
S6_deadN	spec	2	0	5	1
S6_deadN	spec	2	0	6	1
S6_deadN	spec	2	0	7	1
S6_deadN	spec	2	0	8	1
S6_deadN	spec	2	0	9	1
S6_deadN	spec	2	0	10	1
S6_deadN	spec	2	0	11	1
S6_deadN	spec	2	0	12	1
S6_deadN	spec	2	0	13	1
S6_deadN	spec	2	0	14	1
S6_deadN	spec	2	0	15	1
S6_deadN	spec	2	0	16	1
S6_deadN	spec	2	0	17	1
S6_deadN	spec	2	0	18	1
S6_deadN	spec	2	0	19	1
S6_deadN	spec	2	0	20	1
S6_deadN	spec	4	0	1	1
S6_deadN	spec	4	0	2	1
S6_deadN	spec	4	0	3	1
S6_deadN	spec	4	0	4	1
S6_deadN	spec	4	0	5	1
S6_deadN	spec	4	0	6	1
S6_deadN	spec	4	0	7	1
S6_deadN	spec	4	0	8	1
S6_deadN	spec	4	0	9	1
S6_deadN	spec	4	0	10	1
S6_deadN	spec	4	0	11	1
S6_deadN	spec	4	0	12	1
S6_deadN	spec	4	0	13	1
S6_deadN	spec	4	0	14	1
S6_deadN	spec	4	0	15	1
S6_deadN	spec	4	0	16	1
S6_deadN	spec	4	0	17	1
S6_deadN	spec	4	0	18	1
S6_deadN	spec	4	0	19	1
S6_deadN	spec	4	0	20	1
S6_deadN	spec	8	0	1	1
S6_deadN	spec	8	0	2	1
S6_deadN	spec	8	0	3	1
S6_deadN	spec	8	0	4	1
S6_deadN	spec	8	0	5	1
S6_deadN	spec	8	0	6	1
S6_deadN	spec	8	0	7	1
S6_deadN	spec	8	0	8	1
S6_deadN	spec	8	0	9	1
S6_deadN	spec	8	0	10	1
S6_deadN	spec	8	0	11	1
S6_deadN	spec	8	0	12	1
S6_deadN	spec	8	0	13	1
S6_deadN	spec	8	0	14	1
S6_deadN	spec	8	0	15	1
S6_deadN	spec	8	0	16	2
S6_deadN	spec	8	0	17	1
S6_deadN	spec	8	0	18	1
S6_deadN	spec	8	0	19	1
S6_deadN	spec	8	0	20	1
S1_init	proposed	2	0	1	1
S1_init	proposed	2	0	2	1
S1_init	proposed	2	0	3	1
S1_init	proposed	2	0	4	1
S1_init	proposed	2	0	5	1
S1_init	proposed	2	0	6	1
S1_init	proposed	2	0	7	1
S1_init	proposed	2	0	8	1
S1_init	proposed	2	0	9	1
S1_init	proposed	2	0	10	1
S1_init	proposed	2	0	11	1
S1_init	proposed	2	0	12	1
S1_init	proposed	2	0	13	1
S1_init	proposed	2	0	14	1
S1_init	proposed	2	0	15	1
S1_init	proposed	2	0	16	1
S1_init	proposed	2	0	17	1
S1_init	proposed	2	0	18	1
S1_init	proposed	2	0	19	1
S1_init	proposed	2	0	20	1
S1_init	proposed	2	5	1	1
S1_init	proposed	2	5	2	1
S1_init	proposed	2	5	3	1
S1_init	proposed	2	5	4	1
S1_init	proposed	2	5	5	1
S1_init	proposed	2	5	6	1
S1_init	proposed	2	5	7	1
S1_init	proposed	2	5	8	1
S1_init	proposed	2	5	9	1
S1_init	proposed	2	5	10	1
S1_init	proposed	2	5	11	1
S1_init	proposed	2	5	12	1
S1_init	proposed	2	5	13	1
S1_init	proposed	2	5	14	1
S1_init	proposed	2	5	15	1
S1_init	proposed	2	5	16	1
S1_init	proposed	2	5	17	1
S1_init	proposed	2	5	18	1
S1_init	proposed	2	5	19	1
S1_init	proposed	2	5	20	1
S1_init	proposed	2	50	1	1
S1_init	proposed	2	50	2	1
S1_init	proposed	2	50	3	1
S1_init	proposed	2	50	4	1
S1_init	proposed	2	50	5	1
S1_init	proposed	2	50	6	1
S1_init	proposed	2	50	7	1
S1_init	proposed	2	50	8	1
S1_init	proposed	2	50	9	1
S1_init	proposed	2	50	10	1
S1_init	proposed	2	50	11	1
S1_init	proposed	2	50	12	1
S1_init	proposed	2	50	13	1
S1_init	proposed	2	50	14	1
S1_init	proposed	2	50	15	1
S1_init	proposed	2	50	16	1
S1_init	proposed	2	50	17	1
S1_init	proposed	2	50	18	1
S1_init	proposed	2	50	19	1
S1_init	proposed	2	50	20	1
S1_init	proposed	4	0	1	1
S1_init	proposed	4	0	2	1
S1_init	proposed	4	0	3	1
S1_init	proposed	4	0	4	1
S1_init	proposed	4	0	5	1
S1_init	proposed	4	0	6	1
S1_init	proposed	4	0	7	1
S1_init	proposed	4	0	8	1
S1_init	proposed	4	0	9	1
S1_init	proposed	4	0	10	1
S1_init	proposed	4	0	11	1
S1_init	proposed	4	0	12	1
S1_init	proposed	4	0	13	1
S1_init	proposed	4	0	14	1
S1_init	proposed	4	0	15	1
S1_init	proposed	4	0	16	1
S1_init	proposed	4	0	17	1
S1_init	proposed	4	0	18	1
S1_init	proposed	4	0	19	1
S1_init	proposed	4	0	20	1
S1_init	proposed	4	5	1	1
S1_init	proposed	4	5	2	1
S1_init	proposed	4	5	3	1
S1_init	proposed	4	5	4	1
S1_init	proposed	4	5	5	1
S1_init	proposed	4	5	6	1
S1_init	proposed	4	5	7	1
S1_init	proposed	4	5	8	1
S1_init	proposed	4	5	9	1
S1_init	proposed	4	5	10	1
S1_init	proposed	4	5	11	1
S1_init	proposed	4	5	12	1
S1_init	proposed	4	5	13	1
S1_init	proposed	4	5	14	1
S1_init	proposed	4	5	15	1
S1_init	proposed	4	5	16	1
S1_init	proposed	4	5	17	1
S1_init	proposed	4	5	18	1
S1_init	proposed	4	5	19	1
S1_init	proposed	4	5	20	1
S1_init	proposed	4	50	1	1
S1_init	proposed	4	50	2	1
S1_init	proposed	4	50	3	1
S1_init	proposed	4	50	4	1
S1_init	proposed	4	50	5	1
S1_init	proposed	4	50	6	1
S1_init	proposed	4	50	7	1
S1_init	proposed	4	50	8	1
S1_init	proposed	4	50	9	1
S1_init	proposed	4	50	10	1
S1_init	proposed	4	50	11	1
S1_init	proposed	4	50	12	1
S1_init	proposed	4	50	13	1
S1_init	proposed	4	50	14	1
S1_init	proposed	4	50	15	1
S1_init	proposed	4	50	16	1
S1_init	proposed	4	50	17	1
S1_init	proposed	4	50	18	1
S1_init	proposed	4	50	19	1
S1_init	proposed	4	50	20	1
S1_init	proposed	8	0	1	1
S1_init	proposed	8	0	2	1
S1_init	proposed	8	0	3	1
S1_init	proposed	8	0	4	1
S1_init	proposed	8	0	5	1
S1_init	proposed	8	0	6	1
S1_init	proposed	8	0	7	1
S1_init	proposed	8	0	8	1
S1_init	proposed	8	0	9	1
S1_init	proposed	8	0	10	1
S1_init	proposed	8	0	11	1
S1_init	proposed	8	0	12	1
S1_init	proposed	8	0	13	1
S1_init	proposed	8	0	14	1
S1_init	proposed	8	0	15	1
S1_init	proposed	8	0	16	1
S1_init	proposed	8	0	17	1
S1_init	proposed	8	0	18	1
S1_init	proposed	8	0	19	1
S1_init	proposed	8	0	20	1
S1_init	proposed	8	5	1	1
S1_init	proposed	8	5	2	1
S1_init	proposed	8	5	3	1
S1_init	proposed	8	5	4	1
S1_init	proposed	8	5	5	1
S1_init	proposed	8	5	6	1
S1_init	proposed	8	5	7	1
S1_init	proposed	8	5	8	1
S1_init	proposed	8	5	9	1
S1_init	proposed	8	5	10	1
S1_init	proposed	8	5	11	1
S1_init	proposed	8	5	12	1
S1_init	proposed	8	5	13	1
S1_init	proposed	8	5	14	1
S1_init	proposed	8	5	15	1
S1_init	proposed	8	5	16	1
S1_init	proposed	8	5	17	1
S1_init	proposed	8	5	18	1
S1_init	proposed	8	5	19	1
S1_init	proposed	8	5	20	1
S1_init	proposed	8	50	1	1
S1_init	proposed	8	50	2	1
S1_init	proposed	8	50	3	1
S1_init	proposed	8	50	4	1
S1_init	proposed	8	50	5	1
S1_init	proposed	8	50	6	1
S1_init	proposed	8	50	7	1
S1_init	proposed	8	50	8	1
S1_init	proposed	8	50	9	1
S1_init	proposed	8	50	10	1
S1_init	proposed	8	50	11	1
S1_init	proposed	8	50	12	1
S1_init	proposed	8	50	13	1
S1_init	proposed	8	50	14	1
S1_init	proposed	8	50	15	1
S1_init	proposed	8	50	16	1
S1_init	proposed	8	50	17	1
S1_init	proposed	8	50	18	1
S1_init	proposed	8	50	19	1
S1_init	proposed	8	50	20	1
S2_longstall	proposed	4	200	1	1
S2_longstall	proposed	4	200	2	1
S2_longstall	proposed	4	200	3	1
S2_longstall	proposed	4	200	4	1
S2_longstall	proposed	4	200	5	1
S2_longstall	proposed	4	200	6	1
S2_longstall	proposed	4	200	7	1
S2_longstall	proposed	4	200	8	1
S2_longstall	proposed	4	200	9	1
S2_longstall	proposed	4	200	10	1
S2_longstall	proposed	4	200	11	1
S2_longstall	proposed	4	200	12	1
S2_longstall	proposed	4	200	13	1
S2_longstall	proposed	4	200	14	1
S2_longstall	proposed	4	200	15	1
S2_longstall	proposed	4	200	16	1
S2_longstall	proposed	4	200	17	1
S2_longstall	proposed	4	200	18	1
S2_longstall	proposed	4	200	19	1
S2_longstall	proposed	4	200	20	1
S2_longstall	proposed	4	1000	1	1
S2_longstall	proposed	4	1000	2	1
S2_longstall	proposed	4	1000	3	1
S2_longstall	proposed	4	1000	4	1
S2_longstall	proposed	4	1000	5	1
S2_longstall	proposed	4	1000	6	1
S2_longstall	proposed	4	1000	7	1
S2_longstall	proposed	4	1000	8	1
S2_longstall	proposed	4	1000	9	1
S2_longstall	proposed	4	1000	10	1
S2_longstall	proposed	4	1000	11	1
S2_longstall	proposed	4	1000	12	1
S2_longstall	proposed	4	1000	13	1
S2_longstall	proposed	4	1000	14	1
S2_longstall	proposed	4	1000	15	1
S2_longstall	proposed	4	1000	16	1
S2_longstall	proposed	4	1000	17	1
S2_longstall	proposed	4	1000	18	1
S2_longstall	proposed	4	1000	19	1
S2_longstall	proposed	4	1000	20	1
S3_aba	proposed	2	0	1	1
S3_aba	proposed	2	0	2	1
S3_aba	proposed	2	0	3	1
S3_aba	proposed	2	0	4	1
S3_aba	proposed	2	0	5	1
S3_aba	proposed	2	0	6	1
S3_aba	proposed	2	0	7	1
S3_aba	proposed	2	0	8	1
S3_aba	proposed	2	0	9	1
S3_aba	proposed	2	0	10	1
S3_aba	proposed	2	0	11	1
S3_aba	proposed	2	0	12	1
S3_aba	proposed	2	0	13	1
S3_aba	proposed	2	0	14	1
S3_aba	proposed	2	0	15	1
S3_aba	proposed	2	0	16	1
S3_aba	proposed	2	0	17	1
S3_aba	proposed	2	0	18	1
S3_aba	proposed	2	0	19	1
S3_aba	proposed	2	0	20	1
S4_dualreclaim	proposed	2	0	1	1
S4_dualreclaim	proposed	2	0	2	1
S4_dualreclaim	proposed	2	0	3	1
S4_dualreclaim	proposed	2	0	4	1
S4_dualreclaim	proposed	2	0	5	1
S4_dualreclaim	proposed	2	0	6	1
S4_dualreclaim	proposed	2	0	7	1
S4_dualreclaim	proposed	2	0	8	1
S4_dualreclaim	proposed	2	0	9	1
S4_dualreclaim	proposed	2	0	10	1
S4_dualreclaim	proposed	2	0	11	1
S4_dualreclaim	proposed	2	0	12	1
S4_dualreclaim	proposed	2	0	13	1
S4_dualreclaim	proposed	2	0	14	1
S4_dualreclaim	proposed	2	0	15	1
S4_dualreclaim	proposed	2	0	16	1
S4_dualreclaim	proposed	2	0	17	1
S4_dualreclaim	proposed	2	0	18	1
S4_dualreclaim	proposed	2	0	19	1
S4_dualreclaim	proposed	2	0	20	1
S5_scratch	proposed	2	0	1	1
S5_scratch	proposed	2	0	2	1
S5_scratch	proposed	2	0	3	1
S5_scratch	proposed	2	0	4	1
S5_scratch	proposed	2	0	5	1
S5_scratch	proposed	2	0	6	1
S5_scratch	proposed	2	0	7	1
S5_scratch	proposed	2	0	8	1
S5_scratch	proposed	2	0	9	1
S5_scratch	proposed	2	0	10	1
S5_scratch	proposed	2	0	11	1
S5_scratch	proposed	2	0	12	1
S5_scratch	proposed	2	0	13	1
S5_scratch	proposed	2	0	14	1
S5_scratch	proposed	2	0	15	1
S5_scratch	proposed	2	0	16	1
S5_scratch	proposed	2	0	17	1
S5_scratch	proposed	2	0	18	1
S5_scratch	proposed	2	0	19	1
S5_scratch	proposed	2	0	20	1
S5_scratch	proposed	4	0	1	1
S5_scratch	proposed	4	0	2	1
S5_scratch	proposed	4	0	3	1
S5_scratch	proposed	4	0	4	1
S5_scratch	proposed	4	0	5	1
S5_scratch	proposed	4	0	6	1
S5_scratch	proposed	4	0	7	1
S5_scratch	proposed	4	0	8	1
S5_scratch	proposed	4	0	9	1
S5_scratch	proposed	4	0	10	1
S5_scratch	proposed	4	0	11	1
S5_scratch	proposed	4	0	12	1
S5_scratch	proposed	4	0	13	1
S5_scratch	proposed	4	0	14	1
S5_scratch	proposed	4	0	15	1
S5_scratch	proposed	4	0	16	1
S5_scratch	proposed	4	0	17	1
S5_scratch	proposed	4	0	18	1
S5_scratch	proposed	4	0	19	1
S5_scratch	proposed	4	0	20	1
S5_scratch	proposed	8	0	1	1
S5_scratch	proposed	8	0	2	1
S5_scratch	proposed	8	0	3	1
S5_scratch	proposed	8	0	4	1
S5_scratch	proposed	8	0	5	1
S5_scratch	proposed	8	0	6	1
S5_scratch	proposed	8	0	7	1
S5_scratch	proposed	8	0	8	1
S5_scratch	proposed	8	0	9	1
S5_scratch	proposed	8	0	10	1
S5_scratch	proposed	8	0	11	1
S5_scratch	proposed	8	0	12	1
S5_scratch	proposed	8	0	13	1
S5_scratch	proposed	8	0	14	1
S5_scratch	proposed	8	0	15	1
S5_scratch	proposed	8	0	16	1
S5_scratch	proposed	8	0	17	1
S5_scratch	proposed	8	0	18	1
S5_scratch	proposed	8	0	19	1
S5_scratch	proposed	8	0	20	1
S5_scratch	proposed	16	0	1	1
S5_scratch	proposed	16	0	2	1
S5_scratch	proposed	16	0	3	1
S5_scratch	proposed	16	0	4	1
S5_scratch	proposed	16	0	5	1
S5_scratch	proposed	16	0	6	1
S5_scratch	proposed	16	0	7	1
S5_scratch	proposed	16	0	8	1
S5_scratch	proposed	16	0	9	1
S5_scratch	proposed	16	0	10	1
S5_scratch	proposed	16	0	11	1
S5_scratch	proposed	16	0	12	1
S5_scratch	proposed	16	0	13	1
S5_scratch	proposed	16	0	14	1
S5_scratch	proposed	16	0	15	1
S5_scratch	proposed	16	0	16	1
S5_scratch	proposed	16	0	17	1
S5_scratch	proposed	16	0	18	1
S5_scratch	proposed	16	0	19	1
S5_scratch	proposed	16	0	20	1
S6_deadN	proposed	2	0	1	1
S6_deadN	proposed	2	0	2	1
S6_deadN	proposed	2	0	3	1
S6_deadN	proposed	2	0	4	1
S6_deadN	proposed	2	0	5	1
S6_deadN	proposed	2	0	6	1
S6_deadN	proposed	2	0	7	1
S6_deadN	proposed	2	0	8	1
S6_deadN	proposed	2	0	9	1
S6_deadN	proposed	2	0	10	1
S6_deadN	proposed	2	0	11	1
S6_deadN	proposed	2	0	12	1
S6_deadN	proposed	2	0	13	1
S6_deadN	proposed	2	0	14	1
S6_deadN	proposed	2	0	15	1
S6_deadN	proposed	2	0	16	1
S6_deadN	proposed	2	0	17	1
S6_deadN	proposed	2	0	18	1
S6_deadN	proposed	2	0	19	1
S6_deadN	proposed	2	0	20	1
S6_deadN	proposed	4	0	1	1
S6_deadN	proposed	4	0	2	1
S6_deadN	proposed	4	0	3	1
S6_deadN	proposed	4	0	4	1
S6_deadN	proposed	4	0	5	1
S6_deadN	proposed	4	0	6	1
S6_deadN	proposed	4	0	7	1
S6_deadN	proposed	4	0	8	1
S6_deadN	proposed	4	0	9	1
S6_deadN	proposed	4	0	10	1
S6_deadN	proposed	4	0	11	1
S6_deadN	proposed	4	0	12	1
S6_deadN	proposed	4	0	13	1
S6_deadN	proposed	4	0	14	1
S6_deadN	proposed	4	0	15	1
S6_deadN	proposed	4	0	16	1
S6_deadN	proposed	4	0	17	1
S6_deadN	proposed	4	0	18	1
S6_deadN	proposed	4	0	19	1
S6_deadN	proposed	4	0	20	1
S6_deadN	proposed	8	0	1	1
S6_deadN	proposed	8	0	2	1
S6_deadN	proposed	8	0	3	1
S6_deadN	proposed	8	0	4	1
S6_deadN	proposed	8	0	5	1
S6_deadN	proposed	8	0	6	1
S6_deadN	proposed	8	0	7	1
S6_deadN	proposed	8	0	8	1
S6_deadN	proposed	8	0	9	1
S6_deadN	proposed	8	0	10	1
S6_deadN	proposed	8	0	11	1
S6_deadN	proposed	8	0	12	1
S6_deadN	proposed	8	0	13	1
S6_deadN	proposed	8	0	14	1
S6_deadN	proposed	8	0	15	1
S6_deadN	proposed	8	0	16	1
S6_deadN	proposed	8	0	17	1
S6_deadN	proposed	8	0	18	1
S6_deadN	proposed	8	0	19	1
S6_deadN	proposed	8	0	20	1
