config	trial	R_a	K_b	R_b	S	S2	P	W	newer_at_S2	discarded	player_pid	rc	killed_by_sig	alive_s	player_log_sig	audible_s	p_start_ts	p_end_ts	hook_b_target	hook_b_result	worker_claim_target	worker_claim_result	S_b	ordering
C1_prespawn	1	1787683142.841905055	1787683143.281293879	1787683143.408762521	1787683142.851552	1787683143.863287	-	-	1	1	-	-	-	-	-	-	-	-	30974	esrch	30974	ESRCH	1787683143.864987	R<S2 (recheck)
C1_prespawn	2	1787683149.600256257	1787683150.055333056	1787683150.189693540	1787683149.612990	1787683150.624338	-	-	1	1	-	-	-	-	-	-	-	-	31033	esrch	31033	ESRCH	1787683150.626951	R<S2 (recheck)
C1_prespawn	3	1787683156.377358064	1787683156.831844070	1787683156.966198512	1787683156.391069	1787683157.402222	-	-	1	1	-	-	-	-	-	-	-	-	31090	esrch	31090	ESRCH	1787683157.403003	R<S2 (recheck)
C1_prespawn	4	1787683163.158711583	1787683163.623663226	1787683163.752176869	1787683163.174155	1787683164.185473	-	-	1	1	-	-	-	-	-	-	-	-	31148	esrch	31148	ESRCH	1787683164.187476	R<S2 (recheck)
C1_prespawn	5	1787683169.902011560	1787683170.339649298	1787683170.456969178	1787683169.910183	1787683170.916363	-	-	1	1	-	-	-	-	-	-	-	-	31212	esrch	31212	ESRCH	1787683170.917189	R<S2 (recheck)
C1_prespawn	6	1787683176.614837502	1787683177.075299224	1787683177.207524247	1787683176.627638	1787683177.636791	-	-	1	1	-	-	-	-	-	-	-	-	31565	esrch	31565	ESRCH	1787683177.638956	R<S2 (recheck)
C1_prespawn	7	1787683183.399879818	1787683183.851942863	1787683183.982257217	1787683183.410467	1787683184.421291	-	-	1	1	-	-	-	-	-	-	-	-	31632	esrch	31632	ESRCH	1787683184.423765	R<S2 (recheck)
C1_prespawn	8	1787683190.174951413	1787683190.630665837	1787683190.757234187	1787683190.188177	1787683191.199479	-	-	1	1	-	-	-	-	-	-	-	-	31689	esrch	31689	ESRCH	1787683191.200901	R<S2 (recheck)
C1_prespawn	9	1787683196.940409664	1787683197.388349372	1787683197.499754829	1787683196.954800	1787683197.967241	-	-	1	1	-	-	-	-	-	-	-	-	31769	esrch	31769	ESRCH	1787683197.970189	R<S2 (recheck)
C1_prespawn	10	1787683203.662123992	1787683204.101450315	1787683204.216287693	1787683203.671322	1787683204.681092	-	-	1	1	-	-	-	-	-	-	-	-	31831	esrch	31831	ESRCH	1787683204.682538	R<S2 (recheck)
C1_prespawn	11	1787683210.406574762	1787683210.875050659	1787683211.006267764	1787683210.423551	1787683211.436282	-	-	1	1	-	-	-	-	-	-	-	-	31899	esrch	31899	ESRCH	1787683211.437262	R<S2 (recheck)
C1_prespawn	12	1787683217.185832237	1787683217.653040633	1787683217.786047114	1787683217.203444	1787683218.216390	-	-	1	1	-	-	-	-	-	-	-	-	31958	esrch	31958	ESRCH	1787683218.218527	R<S2 (recheck)
C2_hookside	1	1787683230.441025975	1787683232.096905529	1787683232.228286009	1787683230.457021	1787683231.468917	1787683231.473184	1787683231.474411	0	0	32189	0	0	0.6299	15	0.5542	1787683231.543484	1787683232.097668	32189	sent	32189	ESRCH	1787683232.246588	W<R (hook sees live pid)
C2_hookside	2	1787683238.412940530	1787683240.063511161	1787683240.197719103	1787683238.422460	1787683239.433942	1787683239.436258	1787683239.436821	0	0	32271	0	0	0.6329	15	0.5735	1787683239.491310	1787683240.064778	32271	sent	32271	ESRCH	1787683240.211220	W<R (hook sees live pid)
C2_hookside	3	1787683246.395585680	1787683248.059585243	1787683248.181994838	1787683246.414140	1787683247.425658	1787683247.428281	1787683247.429140	0	0	32345	0	0	0.6369	15	0.5678	1787683247.492802	1787683248.060590	32345	sent	32345	ESRCH	1787683248.197256	W<R (hook sees live pid)
C2_hookside	4	1787683254.382606210	1787683256.035908511	1787683256.165214822	1787683254.395127	1787683255.405352	1787683255.407584	1787683255.408083	0	0	32434	0	0	0.6342	15	0.5769	1787683255.460295	1787683256.037231	32434	sent	32434	ESRCH	1787683256.177733	W<R (hook sees live pid)
C2_hookside	5	1787683262.360324230	1787683264.024588877	1787683264.146000970	1787683262.380251	1787683263.392971	1787683263.396820	1787683263.397726	0	0	32510	0	0	0.6338	15	0.5677	1787683263.457913	1787683264.025605	32510	sent	32510	ESRCH	1787683264.153592	W<R (hook sees live pid)
C2_hookside	6	1787683270.320044521	1787683271.989112173	1787683272.115113439	1787683270.340238	1787683271.352225	1787683271.357409	1787683271.359143	0	0	32591	0	0	0.6398	15	0.5755	1787683271.414599	1787683271.990072	32591	sent	32591	ESRCH	1787683272.133472	W<R (hook sees live pid)
C2_hookside	7	1787683278.320943608	1787683279.979752916	1787683280.110373478	1787683278.338858	1787683279.350645	1787683279.353069	1787683279.353816	0	0	32672	0	0	0.6318	15	0.5684	1787683279.412163	1787683279.980597	32672	sent	32672	ESRCH	1787683280.122630	W<R (hook sees live pid)
C2_hookside	8	1787683286.302817341	1787683287.956115101	1787683288.075084942	1787683286.318407	1787683287.330779	1787683287.335788	1787683287.338357	0	0	32731	0	0	0.6274	15	0.5669	1787683287.390099	1787683287.957008	32731	sent	32731	ESRCH	1787683288.089144	W<R (hook sees live pid)
C2_hookside	9	1787683294.256526167	1787683295.909062134	1787683296.030215270	1787683294.266839	1787683295.276710	1787683295.279303	1787683295.280189	0	0	32911	0	0	0.6354	15	0.5640	1787683295.345854	1787683295.909847	32911	sent	32911	ESRCH	1787683296.046696	W<R (hook sees live pid)
C2_hookside	10	1787683302.217081960	1787683303.881252940	1787683304.009619791	1787683302.231941	1787683303.238708	1787683303.244187	1787683303.245399	0	0	32983	0	0	0.646	15	0.5758	1787683303.306799	1787683303.882616	32983	sent	32983	ESRCH	1787683304.020591	W<R (hook sees live pid)
C2_hookside	11	1787683310.205679075	1787683311.871257723	1787683312.000274659	1787683310.222705	1787683311.231070	1787683311.234348	1787683311.235265	0	0	33042	0	0	0.6425	15	0.5767	1787683311.295544	1787683311.872235	33042	sent	33042	ESRCH	1787683312.014383	W<R (hook sees live pid)
C2_hookside	12	1787683318.196340776	1787683319.856119584	1787683320.000305828	1787683318.209877	1787683319.222416	1787683319.227593	1787683319.230327	0	0	33142	0	0	0.6368	15	0.5676	1787683319.289636	1787683319.857192	33142	sent	33142	ESRCH	1787683320.008487	W<R (hook sees live pid)
C3_adversarial	1	1787683332.569833009	1787683334.035881519	1787683334.237857411	1787683332.581866	1787683333.593181	1787683334.618372	1787683334.620047	0	0	33323	-30	30	0.0231	-	0(never_started)	-	-	33261	esrch	33323	sent	1787683334.621896	R<S2<R_b<P<W (adversarial)
C3_adversarial	2	1787683340.426343020	1787683341.880199765	1787683342.006923948	1787683340.438540	1787683341.439937	1787683342.453196	1787683342.454483	0	0	33521	-30	30	0.0058	-	0(never_started)	-	-	33344	esrch	33521	sent	1787683342.455392	R<S2<R_b<P<W (adversarial)
C3_adversarial	3	1787683348.203181148	1787683349.651025929	1787683349.766494099	1787683348.212151	1787683349.224084	1787683350.229942	1787683350.231684	0	0	33598	-30	30	0.0094	-	0(never_started)	-	-	33537	esrch	33598	sent	1787683350.233275	R<S2<R_b<P<W (adversarial)
C3_adversarial	4	1787683355.950275827	1787683357.400338986	1787683357.522960414	1787683355.964346	1787683356.976580	1787683357.984094	1787683357.986083	0	0	33658	-30	30	0.0086	-	0(never_started)	-	-	33615	esrch	33658	sent	1787683357.987388	R<S2<R_b<P<W (adversarial)
C3_adversarial	5	1787683363.717334654	1787683365.181309828	1787683365.313425475	1787683363.734006	1787683364.747036	1787683365.762427	1787683365.764295	0	0	33731	-30	30	0.0102	-	0(never_started)	-	-	33675	esrch	33731	sent	1787683365.766070	R<S2<R_b<P<W (adversarial)
C3_adversarial	6	1787683371.493630199	1787683372.943333649	1787683373.063954575	1787683371.504609	1787683372.507219	1787683373.512070	1787683373.513178	0	0	33796	-30	30	0.0065	-	0(never_started)	-	-	33751	esrch	33796	sent	1787683373.514179	R<S2<R_b<P<W (adversarial)
C3_adversarial	7	1787683379.249456805	1787683380.698636754	1787683380.821170266	1787683379.265478	1787683380.276738	1787683381.292481	1787683381.294502	0	0	33901	-30	30	0.0097	-	0(never_started)	-	-	33823	esrch	33901	sent	1787683381.295922	R<S2<R_b<P<W (adversarial)
C3_adversarial	8	1787683387.012086001	1787683388.467294499	1787683388.601096439	1787683387.024776	1787683388.035282	1787683389.045453	1787683389.047646	0	0	33976	-30	30	0.0104	-	0(never_started)	-	-	33918	esrch	33976	sent	1787683389.049241	R<S2<R_b<P<W (adversarial)
C3_adversarial	9	1787683394.801488394	1787683396.254931849	1787683396.383904326	1787683394.813634	1787683395.821754	1787683396.833845	1787683396.835529	0	0	34040	-30	30	0.0083	-	0(never_started)	-	-	33994	esrch	34040	sent	1787683396.837452	R<S2<R_b<P<W (adversarial)
C3_adversarial	10	1787683402.586194616	1787683404.053534419	1787683404.178315100	1787683402.606002	1787683403.618427	1787683404.629243	1787683404.630101	0	0	34115	-30	30	0.0065	-	0(never_started)	-	-	34059	esrch	34115	sent	1787683404.630891	R<S2<R_b<P<W (adversarial)
C3_adversarial	11	1787683410.351804691	1787683411.814446196	1787683411.952707517	1787683410.365010	1787683411.377078	1787683412.390353	1787683412.391612	0	0	34187	-30	30	0.0067	-	0(never_started)	-	-	34131	esrch	34187	sent	1787683412.392730	R<S2<R_b<P<W (adversarial)
C3_adversarial	12	1787683418.142878294	1787683419.607614719	1787683419.736714779	1787683418.160857	1787683419.173897	1787683420.182387	1787683420.184560	0	0	34249	-30	30	0.0108	-	0(never_started)	-	-	34208	esrch	34249	sent	1787683420.186343	R<S2<R_b<P<W (adversarial)
C4_noclaimkill	1	1787683432.364345109	1787683433.821281900	1787683433.948398916	1787683432.380985	1787683433.393594	1787683434.402284	1787683434.404634	0	0	34405	0	0	2.5845	0	2.5007	1787683434.471246	1787683436.971920	34347	esrch	none	disabled	1787683434.406426	R<S2<R_b<P<W (adversarial)
C4_noclaimkill	2	1787683440.140875196	1787683441.617202216	1787683441.741508313	1787683440.173308	1787683441.185255	1787683442.195917	1787683442.197155	0	0	34492	0	0	2.5776	0	2.5046	1787683442.254294	1787683444.758913	34424	esrch	none	disabled	1787683442.197857	R<S2<R_b<P<W (adversarial)
C4_noclaimkill	3	1787683447.951013820	1787683449.409078738	1787683449.534408377	1787683447.964508	1787683448.976741	1787683449.992756	1787683449.994001	0	0	34670	0	0	2.5772	0	2.5017	1787683450.054291	1787683452.556035	34613	esrch	none	disabled	1787683449.994755	R<S2<R_b<P<W (adversarial)
C4_noclaimkill	4	1787683455.727688157	1787683457.170010766	1787683457.300442245	1787683455.736917	1787683456.746772	1787683457.761929	1787683457.765022	0	0	34750	0	0	2.5805	0	2.5070	1787683457.818238	1787683460.325274	34691	esrch	none	disabled	1787683457.767791	R<S2<R_b<P<W (adversarial)
C4_noclaimkill	5	1787683463.499315322	1787683464.953619652	1787683465.091756765	1787683463.515188	1787683464.527275	1787683465.544217	1787683465.546680	0	0	34807	0	0	2.5769	0	2.5024	1787683465.605389	1787683468.107810	34766	esrch	none	disabled	1787683465.548739	R<S2<R_b<P<W (adversarial)
C4_noclaimkill	6	1787683471.276737078	1787683472.729239405	1787683472.854689045	1787683471.291052	1787683472.303080	1787683473.313676	1787683473.315436	0	0	34888	0	0	2.5931	0	2.5048	1787683473.386923	1787683475.891724	34823	esrch	none	disabled	1787683473.317335	R<S2<R_b<P<W (adversarial)
C4_noclaimkill	7	1787683479.031849141	1787683480.498516692	1787683480.623257915	1787683479.049381	1787683480.059523	1787683481.064510	1787683481.065466	0	0	34962	0	0	2.5868	0	2.5055	1787683481.134410	1787683483.639892	34904	esrch	none	disabled	1787683481.066366	R<S2<R_b<P<W (adversarial)
C4_noclaimkill	8	1787683486.801134678	1787683488.258144761	1787683488.392587244	1787683486.811637	1787683487.818385	1787683488.829723	1787683488.830956	0	0	35026	0	0	2.5866	0	2.5034	1787683488.899158	1787683491.402573	34969	esrch	none	disabled	1787683488.831912	R<S2<R_b<P<W (adversarial)
C4_noclaimkill	9	1787683494.571786841	1787683496.021437125	1787683496.148194975	1787683494.584040	1787683495.596392	1787683496.612187	1787683496.614364	0	0	35104	0	0	2.5776	0	2.5011	1787683496.673915	1787683499.175029	35042	esrch	none	disabled	1787683496.617513	R<S2<R_b<P<W (adversarial)
C4_noclaimkill	10	1787683502.343050215	1787683503.794787042	1787683503.918291971	1787683502.358989	1787683503.371379	1787683504.387863	1787683504.390161	0	0	35203	0	0	2.5765	0	2.5014	1787683504.447384	1787683506.948779	35135	esrch	none	disabled	1787683504.392044	R<S2<R_b<P<W (adversarial)
C4_noclaimkill	11	1787683510.114784338	1787683511.573572256	1787683511.706608988	1787683510.128967	1787683511.138856	1787683512.152163	1787683512.154193	0	0	35276	0	0	2.5816	0	2.5046	1787683512.211446	1787683514.716026	35220	esrch	none	disabled	1787683512.156671	R<S2<R_b<P<W (adversarial)
C4_noclaimkill	12	1787683517.879864537	1787683519.334787118	1787683519.451298372	1787683517.894517	1787683518.906726	1787683519.923913	1787683519.926372	0	0	35350	0	0	2.5878	0	2.5092	1787683519.986052	1787683522.495302	35292	esrch	none	disabled	1787683519.928245	R<S2<R_b<P<W (adversarial)
C5_norecheck	1	1787683532.024412933	1787683533.486314438	1787683533.608590532	1787683532.043777	1787683533.056088	1787683534.065524	1787683534.067476	skipped	0	35484	-30	30	0.0105	-	0(never_started)	-	-	35439	esrch	35484	sent	1787683534.068929	R<S2<R_b<P<W (adversarial)
C5_norecheck	2	1787683539.807542111	1787683541.263478818	1787683541.392141586	1787683539.821432	1787683540.829646	1787683541.845151	1787683541.847592	skipped	0	35568	-30	30	0.0112	-	0(never_started)	-	-	35506	esrch	35568	sent	1787683541.849489	R<S2<R_b<P<W (adversarial)
C5_norecheck	3	1787683547.564728551	1787683549.017093296	1787683549.137002971	1787683547.576863	1787683548.588353	1787683549.603497	1787683549.605900	skipped	0	35730	-30	30	0.011	-	0(never_started)	-	-	35635	esrch	35730	sent	1787683549.607560	R<S2<R_b<P<W (adversarial)
C5_norecheck	4	1787683555.333546464	1787683556.798620805	1787683556.927312199	1787683555.349367	1787683556.362022	1787683557.370677	1787683557.372567	skipped	0	35820	-30	30	0.0091	-	0(never_started)	-	-	35753	esrch	35820	sent	1787683557.374124	R<S2<R_b<P<W (adversarial)
C5_norecheck	5	1787683563.111834886	1787683564.578379854	1787683564.708469207	1787683563.131815	1787683564.144497	1787683565.160979	1787683565.163044	skipped	0	35918	-30	30	0.0121	-	0(never_started)	-	-	35837	esrch	35918	sent	1787683565.164661	R<S2<R_b<P<W (adversarial)
C5_norecheck	6	1787683570.965265517	1787683572.411300630	1787683572.544231443	1787683570.973699	1787683571.976950	1787683572.985539	1787683572.986276	skipped	0	36008	-30	30	0.005	-	0(never_started)	-	-	35935	esrch	36008	sent	1787683572.986796	R<S2<R_b<P<W (adversarial)
C5_norecheck	7	1787683578.722401624	1787683580.170701364	1787683580.290751706	1787683578.731250	1787683579.735628	1787683580.744306	1787683580.746173	skipped	0	36136	-30	30	0.0092	-	0(never_started)	-	-	36025	esrch	36136	sent	1787683580.747738	R<S2<R_b<P<W (adversarial)
C5_norecheck	8	1787683586.454613244	1787683587.899490273	1787683588.014566651	1787683586.465862	1787683587.472173	1787683588.481658	1787683588.482392	skipped	0	36224	-30	30	0.0061	-	0(never_started)	-	-	36157	esrch	36224	sent	1787683588.483104	R<S2<R_b<P<W (adversarial)
C5_norecheck	9	1787683594.171466932	1787683595.609182076	1787683595.719953367	1787683594.180964	1787683595.186768	1787683596.195889	1787683596.196562	skipped	0	36305	-30	30	0.0056	-	0(never_started)	-	-	36240	esrch	36305	sent	1787683596.197223	R<S2<R_b<P<W (adversarial)
C5_norecheck	10	1787683601.879985527	1787683603.326649182	1787683603.444387397	1787683601.890453	1787683602.896331	1787683603.904898	1787683603.905788	skipped	0	36416	-30	30	0.0055	-	0(never_started)	-	-	36342	esrch	36416	sent	1787683603.906602	R<S2<R_b<P<W (adversarial)
C5_norecheck	11	1787683609.607720101	1787683611.053415671	1787683611.166306839	1787683609.619522	1787683610.625301	1787683611.632039	1787683611.632581	skipped	0	36491	-30	30	0.0028	-	0(never_started)	-	-	36436	esrch	36491	sent	1787683611.632996	R<S2<R_b<P<W (adversarial)
C5_norecheck	12	1787683617.309265147	1787683618.743689995	1787683618.853379243	1787683617.315758	1787683618.323250	1787683619.334182	1787683619.335123	skipped	0	36719	-30	30	0.0109	-	0(never_started)	-	-	36557	esrch	36719	sent	1787683619.336042	R<S2<R_b<P<W (adversarial)
C6_handle	1	1787683631.335205910	1787683632.772997054	1787683632.896127650	1787683631.344017	1787683632.350035	1787683633.357752	1787683633.359838	0	0	36997	-30	30	0.0098	-	0(never_started)	-	-	36949	esrch	36997	sent	1787683633.361326	R<S2<R_b<P<W (adversarial)
C6_handle	2	1787683639.079634003	1787683640.526216823	1787683640.648093168	1787683639.094296	1787683640.099942	1787683641.110486	1787683641.112021	0	0	37162	-30	30	0.0089	-	0(never_started)	-	-	37038	esrch	37162	sent	1787683641.113317	R<S2<R_b<P<W (adversarial)
C6_handle	3	1787683646.805851492	1787683648.248203350	1787683648.368541568	1787683646.817520	1787683647.820863	1787683648.827505	1787683648.828926	0	0	37337	-30	30	0.0063	-	0(never_started)	-	-	37215	esrch	37337	sent	1787683648.829788	R<S2<R_b<P<W (adversarial)
C6_handle	4	1787683654.536190735	1787683655.982525182	1787683656.103269650	1787683654.547183	1787683655.552900	1787683656.557991	1787683656.559336	0	0	37419	-30	30	0.0084	-	0(never_started)	-	-	37354	esrch	37419	sent	1787683656.560939	R<S2<R_b<P<W (adversarial)
C6_handle	5	1787683662.264928353	1787683663.709236338	1787683663.825752385	1787683662.275644	1787683663.281482	1787683664.288478	1787683664.288962	0	0	37503	-30	30	0.003	-	0(never_started)	-	-	37437	esrch	37503	sent	1787683664.289493	R<S2<R_b<P<W (adversarial)
C6_handle	6	1787683669.984080751	1787683671.424543483	1787683671.551083831	1787683669.994023	1787683671.000949	1787683672.010901	1787683672.012199	0	0	37679	-30	30	0.0069	-	0(never_started)	-	-	37627	esrch	37679	sent	1787683672.012870	R<S2<R_b<P<W (adversarial)
C6_handle	7	1787683677.728549719	1787683679.177802043	1787683679.301829140	1787683677.739100	1787683678.745514	1787683679.752921	1787683679.753855	0	0	37765	-30	30	0.0041	-	0(never_started)	-	-	37702	esrch	37765	sent	1787683679.754440	R<S2<R_b<P<W (adversarial)
C6_handle	8	1787683685.457986795	1787683686.906995203	1787683687.035937597	1787683685.466070	1787683686.472872	1787683687.479684	1787683687.481669	0	0	37875	-30	30	0.0089	-	0(never_started)	-	-	37781	esrch	37875	sent	1787683687.483018	R<S2<R_b<P<W (adversarial)
C6_handle	9	1787683693.215666737	1787683694.664460310	1787683694.789008324	1787683693.227664	1787683694.233865	1787683695.242239	1787683695.243857	0	0	37972	-30	30	0.0085	-	0(never_started)	-	-	37909	esrch	37972	sent	1787683695.245041	R<S2<R_b<P<W (adversarial)
C6_handle	10	1787683700.970873591	1787683702.426218548	1787683702.553588897	1787683700.988565	1787683701.994784	1787683703.010979	1787683703.014230	0	0	38054	-30	30	0.0187	-	0(never_started)	-	-	37994	esrch	38054	sent	1787683703.018023	R<S2<R_b<P<W (adversarial)
C6_handle	11	1787683708.722564692	1787683710.172120642	1787683710.289180940	1787683708.736081	1787683709.742353	1787683710.744950	1787683710.745560	0	0	38145	-30	30	0.0034	-	0(never_started)	-	-	38073	esrch	38145	sent	1787683710.746041	R<S2<R_b<P<W (adversarial)
C6_handle	12	1787683716.452219394	1787683717.906233557	1787683718.029815570	1787683716.462891	1787683717.470354	1787683718.479152	1787683718.481024	0	0	38212	-30	30	0.0098	-	0(never_started)	-	-	38150	esrch	38212	sent	1787683718.482614	R<S2<R_b<P<W (adversarial)
C7_noreap	1	1787683730.592438368	1787683732.232488114	1787683732.347840367	1787683730.603402	1787683731.609338	1787683731.613579	1787683731.614542	0	0	38347	-	-	-	15	0.5444	1787683731.688423	1787683732.232871	38347	sent	38347	sent	1787683732.359989	W<R (hook sees live pid)
C7_noreap	2	1787683738.519923540	1787683740.165765126	1787683740.285658093	1787683738.532753	1787683739.539140	1787683739.548328	1787683739.552893	0	0	38428	-	-	-	15	0.5651	1787683739.601690	1787683740.166781	38428	sent	38428	sent	1787683740.297001	W<R (hook sees live pid)
C7_noreap	3	1787683746.452746343	1787683748.105446728	1787683748.230251534	1787683746.466878	1787683747.473451	1787683747.478409	1787683747.479661	0	0	38529	-	-	-	15	0.5568	1787683747.549846	1787683748.106646	38529	sent	38529	sent	1787683748.241917	W<R (hook sees live pid)
C7_noreap	4	1787683754.406109336	1787683756.060930139	1787683756.187638031	1787683754.417356	1787683755.424170	1787683755.428725	1787683755.429643	0	0	38592	-	-	-	15	0.5748	1787683755.488116	1787683756.062885	38592	sent	38592	sent	1787683756.200830	W<R (hook sees live pid)
C7_noreap	5	1787683762.329773879	1787683763.966464162	1787683764.080779831	1787683762.337932	1787683763.344562	1787683763.352718	1787683763.353324	0	0	38737	-	-	-	15	0.5537	1787683763.413427	1787683763.967153	38737	sent	38737	sent	1787683764.089104	W<R (hook sees live pid)
C7_noreap	6	1787683770.241555617	1787683771.886187033	1787683772.006009376	1787683770.251163	1787683771.257458	1787683771.263883	1787683771.264429	0	0	38864	-	-	-	15	0.5620	1787683771.324709	1787683771.886660	38864	sent	38864	sent	1787683772.019437	W<R (hook sees live pid)
C7_noreap	7	1787683778.190454979	1787683779.842140654	1787683779.953183736	1787683778.205784	1787683779.212914	1787683779.217730	1787683779.218809	0	0	38950	-	-	-	15	0.5570	1787683779.286016	1787683779.843002	38950	sent	38950	sent	1787683779.964954	W<R (hook sees live pid)
C7_noreap	8	1787683786.115212482	1787683787.769028784	1787683787.889149751	1787683786.128495	1787683787.135622	1787683787.143822	1787683787.146424	0	0	39026	-	-	-	15	0.5712	1787683787.199849	1787683787.771056	39026	sent	39026	sent	1787683787.899872	W<R (hook sees live pid)
C7_noreap	9	1787683794.056244960	1787683795.705903758	1787683795.821468512	1787683794.071312	1787683795.077257	1787683795.081779	1787683795.082524	0	0	39130	-	-	-	15	0.5752	1787683795.131731	1787683795.706899	39130	sent	39130	sent	1787683795.829447	W<R (hook sees live pid)
C7_noreap	10	1787683801.982585173	1787683803.629871968	1787683803.745041555	1787683801.994786	1787683803.001782	1787683803.007669	1787683803.009118	0	0	39315	-	-	-	15	0.5506	1787683803.080486	1787683803.631066	39315	sent	39315	sent	1787683803.761112	W<R (hook sees live pid)
C7_noreap	11	1787683809.929436367	1787683811.576460578	1787683811.709291351	1787683809.941212	1787683810.947501	1787683810.951360	1787683810.952329	0	0	39417	-	-	-	15	0.5590	1787683811.018101	1787683811.577119	39417	sent	39417	sent	1787683811.715987	W<R (hook sees live pid)
C7_noreap	12	1787683817.861920377	1787683819.515401721	1787683819.635469313	1787683817.874616	1787683818.881683	1787683818.886245	1787683818.887396	0	0	39501	-	-	-	15	0.5695	1787683818.946555	1787683819.516033	39501	sent	39501	sent	1787683819.644553	W<R (hook sees live pid)
C8_orphan	1	1787683833.059277572	1787683834.509169438	1787683834.622703148	1787683833.075253	1787683834.083070	1787683835.116992	-	0	0	39687	-	-	-	0	2.5031	1787683835.148770	1787683837.651875	39617	esrch	39617	ESRCH	1787683836.905692	P<death<W (worker died in window)
C8_orphan	2	1787683843.676064992	1787683845.122493397	1787683845.249630289	1787683843.684874	1787683844.691724	1787683845.697637	-	0	0	39822	-	-	-	0	2.5042	1787683845.742055	1787683848.246261	39744	esrch	39744	ESRCH	1787683847.531154	P<death<W (worker died in window)
C8_orphan	3	1787683854.336828712	1787683855.782790074	1787683855.893931281	1787683854.350886	1787683855.359266	1787683856.366502	-	0	0	39959	-	-	-	0	2.5014	1787683856.416093	1787683858.917485	39875	esrch	39875	ESRCH	1787683858.179529	P<death<W (worker died in window)
C8_orphan	4	1787683864.981103830	1787683866.429407445	1787683866.549345161	1787683864.991581	1787683865.995793	1787683867.005077	-	0	0	40096	-	-	-	0	2.5019	1787683867.048723	1787683869.550672	40018	esrch	40018	ESRCH	1787683868.839400	P<death<W (worker died in window)
C8_orphan	5	1787683875.651347601	1787683877.099730883	1787683877.225354149	1787683875.663150	1787683876.670505	1787683877.685769	-	0	0	40244	-	-	-	0	2.5008	1787683877.735419	1787683880.236189	40168	esrch	40168	ESRCH	1787683879.511341	P<death<W (worker died in window)
C8_orphan	6	1787683886.322340291	1787683887.778597081	1787683887.908386184	1787683886.333925	1787683887.345399	1787683888.355217	-	0	0	40381	-	-	-	0	2.5053	1787683888.406619	1787683890.911955	40294	esrch	40294	ESRCH	1787683890.217890	P<death<W (worker died in window)
C8_orphan	7	1787683896.984278845	1787683898.440344886	1787683898.571604365	1787683896.998689	1787683898.010948	1787683899.023976	-	0	0	40514	-	-	-	0	2.5023	1787683899.064123	1787683901.566386	40439	esrch	40439	ESRCH	1787683900.860544	P<death<W (worker died in window)
C8_orphan	8	1787683907.711542638	1787683909.182079195	1787683909.306523251	1787683907.725291	1787683908.737479	1787683909.751052	-	0	0	40672	-	-	-	0	2.5033	1787683909.797695	1787683912.300992	40569	esrch	40569	ESRCH	1787683911.578827	P<death<W (worker died in window)
C8_orphan	9	1787683918.357927759	1787683919.819653430	1787683919.944753611	1787683918.370772	1787683919.383156	1787683920.400480	-	0	0	40809	-	-	-	0	2.5098	1787683920.440385	1787683922.950225	40724	esrch	40724	ESRCH	1787683922.241499	P<death<W (worker died in window)
C8_orphan	10	1787683928.990813156	1787683930.445985779	1787683930.574449338	1787683929.000134	1787683930.011372	1787683931.022870	-	0	0	40977	-	-	-	0	2.5096	1787683931.069440	1787683933.578995	40869	esrch	40869	ESRCH	1787683932.877986	P<death<W (worker died in window)
C8_orphan	11	1787683939.659135300	1787683941.115193966	1787683941.230100927	1787683939.672078	1787683940.683441	1787683941.696242	-	0	0	41109	-	-	-	0	2.5104	1787683941.740712	1787683944.251101	41029	esrch	41029	ESRCH	1787683943.521658	P<death<W (worker died in window)
C8_orphan	12	1787683950.250428818	1787683951.707013775	1787683951.833658416	1787683950.260165	1787683951.271946	1787683952.283731	-	0	0	41232	-	-	-	0	2.5018	1787683952.337935	1787683954.839742	41158	esrch	41158	ESRCH	1787683954.138367	P<death<W (worker died in window)
C9_ledger	1	1787683967.294722780	1787683968.756423701	1787683968.880611297	1787683967.310576	1787683968.322718	1787683969.337563	-	0	0	41439	-	-	-	31	0.8148	1787683969.385456	1787683970.200222	41360	esrch	41360	ESRCH	1787683971.165157	P<death<W (worker died in window)
C9_ledger	2	1787683977.922420879	1787683979.371459161	1787683979.495664507	1787683977.934517	1787683978.946954	1787683979.962434	-	0	0	41580	-	-	-	31	0.8191	1787683980.013706	1787683980.832827	41500	esrch	41500	ESRCH	1787683981.799316	P<death<W (worker died in window)
C9_ledger	3	1787683988.581689221	1787683990.027251958	1787683990.149932595	1787683988.592473	1787683989.604499	1787683990.615100	-	0	0	41711	-	-	-	31	0.8220	1787683990.662842	1787683991.484809	41629	esrch	41629	ESRCH	1787683992.444912	P<death<W (worker died in window)
C9_ledger	4	1787683999.282103527	1787684000.739190818	1787684000.859413161	1787683999.293416	1787684000.305585	1787684001.316170	-	0	0	41856	-	-	-	31	0.8304	1787684001.366972	1787684002.197393	41778	esrch	41778	ESRCH	1787684003.151721	P<death<W (worker died in window)
C9_ledger	5	1787684009.998109017	1787684011.459728729	1787684011.583401200	1787684010.010980	1787684011.023228	1787684012.039143	-	0	0	41988	-	-	-	31	0.8170	1787684012.084260	1787684012.901236	41903	esrch	41903	ESRCH	1787684013.859843	P<death<W (worker died in window)
C9_ledger	6	1787684020.596128541	1787684022.045864741	1787684022.175654761	1787684020.607401	1787684021.619437	1787684022.627187	-	0	0	42117	-	-	-	31	0.8438	1787684022.667903	1787684023.511655	42043	esrch	42043	ESRCH	1787684024.474564	P<death<W (worker died in window)
C9_ledger	7	1787684031.222809640	1787684032.683545934	1787684032.814618331	1787684031.236075	1787684032.247792	1787684033.257942	-	0	0	42248	-	-	-	31	0.8411	1787684033.299499	1787684034.140648	42173	esrch	42173	ESRCH	1787684035.106005	P<death<W (worker died in window)
C9_ledger	8	1787684041.857556747	1787684043.313936454	1787684043.436336049	1787684041.871420	1787684042.879098	1787684043.889408	-	0	0	42382	-	-	-	31	0.8298	1787684043.936552	1787684044.766324	42285	esrch	42285	ESRCH	1787684045.727143	P<death<W (worker died in window)
C9_ledger	9	1787684052.518691383	1787684053.963328036	1787684054.086532715	1787684052.527319	1787684053.534234	1787684054.541633	-	0	0	42549	-	-	-	31	0.8124	1787684054.597086	1787684055.409527	42427	esrch	42427	ESRCH	1787684056.365332	P<death<W (worker died in window)
C9_ledger	10	1787684063.156594786	1787684064.616415205	1787684064.742172720	1787684063.172734	1787684064.176157	1787684065.180662	-	0	0	42681	-	-	-	31	0.8487	1787684065.225586	1787684066.074280	42587	esrch	42587	ESRCH	1787684067.032986	P<death<W (worker died in window)
C9_ledger	11	1787684073.781360423	1787684075.210300642	1787684075.323295684	1787684073.787962	1787684074.794051	1787684075.812920	-	0	0	42870	-	-	-	31	0.7971	1787684075.853024	1787684076.650095	42722	esrch	42722	ESRCH	1787684077.608025	P<death<W (worker died in window)
C9_ledger	12	1787684084.382688494	1787684085.816797092	1787684085.934597515	1787684084.390429	1787684085.397574	1787684086.407636	-	0	0	43135	-	-	-	31	0.8126	1787684086.459205	1787684087.271816	42928	esrch	42928	ESRCH	1787684088.231415	P<death<W (worker died in window)
