config	trial	R_a	K_b	R_b	Rdone_b	S	S2	P	W	newer_at_S2	discarded	player_pid	rc	killed_by_sig	alive_s	player_log_sig	audible_s	p_start_ts	p_end_ts	hook_b_target	hook_b_result	worker_claim_target	worker_claim_result	S_b	ordering
C1_prespawn	1	1787692792.118360334	1787692792.563916623	1787692792.693771796	1787692792.709180421	1787692792.126450	1787692793.137309	-	-	1	1	-	-	-	-	-	-	-	-	55001	esrch	55001	ESRCH	1787692793.138366	R<S2 (recheck)
C1_prespawn	2	1787692798.866712117	1787692799.316256654	1787692799.436958760	1787692799.451486686	1787692798.879163	1787692799.891192	-	-	1	1	-	-	-	-	-	-	-	-	55091	esrch	55091	ESRCH	1787692799.892629	R<S2 (recheck)
C1_prespawn	3	1787692805.642449519	1787692806.096240968	1787692806.221871979	1787692806.232548405	1787692805.654502	1787692806.664291	-	-	1	1	-	-	-	-	-	-	-	-	55149	esrch	55149	ESRCH	1787692806.665946	R<S2 (recheck)
C1_prespawn	4	1787692812.410286924	1787692812.865407983	1787692812.982649669	1787692812.991156201	1787692812.429324	1787692813.441683	-	-	1	1	-	-	-	-	-	-	-	-	55233	esrch	55233	ESRCH	1787692813.443906	R<S2 (recheck)
C1_prespawn	5	1787692819.147621868	1787692819.585391657	1787692819.700617656	1787692819.710232969	1787692819.155810	1787692820.158337	-	-	1	1	-	-	-	-	-	-	-	-	55320	esrch	55320	ESRCH	1787692820.161352	R<S2 (recheck)
C1_prespawn	6	1787692825.869448480	1787692826.335897417	1787692826.462476668	1787692826.472989095	1787692825.895103	1787692826.906152	-	-	1	1	-	-	-	-	-	-	-	-	55409	esrch	55409	ESRCH	1787692826.906760	R<S2 (recheck)
C1_prespawn	7	1787692832.648066810	1787692833.091656952	1787692833.201828464	1787692833.210572703	1787692832.657742	1787692833.668942	-	-	1	1	-	-	-	-	-	-	-	-	55590	esrch	55590	ESRCH	1787692833.670699	R<S2 (recheck)
C1_prespawn	8	1787692839.375689526	1787692839.827281415	1787692839.954676532	1787692839.969572162	1787692839.389846	1787692840.400810	-	-	1	1	-	-	-	-	-	-	-	-	55704	esrch	55704	ESRCH	1787692840.402373	R<S2 (recheck)
C1_prespawn	9	1787692846.133192459	1787692846.577457761	1787692846.697676165	1787692846.708978333	1787692846.142055	1787692847.143289	-	-	1	1	-	-	-	-	-	-	-	-	55774	esrch	55774	ESRCH	1787692847.144206	R<S2 (recheck)
C1_prespawn	10	1787692852.873191582	1787692853.333327088	1787692853.464172459	1787692853.478812800	1787692852.889452	1787692853.901799	-	-	1	1	-	-	-	-	-	-	-	-	55832	esrch	55832	ESRCH	1787692853.904437	R<S2 (recheck)
C1_prespawn	11	1787692859.650706382	1787692860.105470112	1787692860.237068849	1787692860.248452476	1787692859.665583	1787692860.678392	-	-	1	1	-	-	-	-	-	-	-	-	55891	esrch	55891	ESRCH	1787692860.679701	R<S2 (recheck)
C1_prespawn	12	1787692866.414112210	1787692866.864695485	1787692866.996684552	1787692867.013737408	1787692866.424007	1787692867.435468	-	-	1	1	-	-	-	-	-	-	-	-	55949	esrch	55949	ESRCH	1787692867.438931	R<S2 (recheck)
C10a_nopid_pidfile	1	1787693751.158424794	1787693752.831830582	1787693752.954766484	1787693752.993374090	1787693751.176663	1787693752.183365	1787693752.186964	-	0	0	64976	0	0	2.5806	0	2.5048	1787693752.251437	1787693754.756234	none	nopid	none	no_target	1787693752.995984	no pid record (clause i off)
C10a_nopid_pidfile	2	1787693759.170007316	1787693760.807383356	1787693760.918257288	1787693760.925564953	1787693759.181131	1787693760.186046	1787693760.187459	-	0	0	65073	0	0	2.5625	0	2.5054	1787693760.236711	1787693762.742091	none	nopid	none	no_target	1787693760.925897	no pid record (clause i off)
C10a_nopid_pidfile	3	1787693767.061349295	1787693768.694158654	1787693768.810619011	1787693768.820109997	1787693767.068550	1787693768.075740	1787693768.097491	-	0	0	66068	0	0	2.6015	0	2.5065	1787693768.160982	1787693770.667457	none	nopid	none	no_target	1787693768.820151	no pid record (clause i off)
C10a_nopid_pidfile	4	1787693774.984746253	1787693776.653420774	1787693776.776424051	1787693776.789986638	1787693775.008262	1787693776.013809	1787693776.017813	-	0	0	66130	0	0	2.5926	0	2.5031	1787693776.095096	1787693778.598194	none	nopid	none	no_target	1787693776.790154	no pid record (clause i off)
C10a_nopid_pidfile	5	1787693782.970000470	1787693784.626737397	1787693784.746562984	1787693784.760240820	1787693782.987382	1787693783.994400	1787693784.000357	-	0	0	66209	0	0	2.5905	0	2.5020	1787693784.076765	1787693786.578732	none	nopid	none	no_target	1787693784.760312	no pid record (clause i off)
C10a_nopid_pidfile	6	1787693790.920342435	1787693792.563368567	1787693792.677987976	1787693792.687929418	1787693790.930963	1787693791.932685	1787693791.937633	-	0	0	66289	0	0	2.5747	0	2.5038	1787693791.997092	1787693794.500876	none	nopid	none	no_target	1787693792.688081	no pid record (clause i off)
C10a_nopid_pidfile	7	1787693798.834200698	1787693800.498862494	1787693800.704963575	1787693800.715183848	1787693798.845011	1787693799.853300	1787693799.867830	-	0	0	66348	0	0	2.5891	0	2.5046	1787693799.918667	1787693802.423280	none	nopid	none	no_target	1787693800.715360	no pid record (clause i off)
C10a_nopid_pidfile	8	1787693806.912400163	1787693808.578064912	1787693808.701269688	1787693808.713833530	1787693806.929270	1787693807.930969	1787693807.935468	-	0	0	66454	0	0	2.5862	0	2.5031	1787693808.002211	1787693810.505309	none	nopid	none	no_target	1787693808.713589	no pid record (clause i off)
C10a_nopid_pidfile	9	1787693814.871128954	1787693816.533729512	1787693816.653190893	1787693816.684823957	1787693814.885241	1787693815.893062	1787693815.908923	-	0	0	66528	0	0	2.5894	0	2.5074	1787693815.959790	1787693818.467155	none	nopid	none	no_target	1787693816.684968	no pid record (clause i off)
C10a_nopid_pidfile	10	1787693822.838430070	1787693824.488273203	1787693824.610810524	1787693824.623307951	1787693822.849768	1787693823.853604	1787693823.857551	-	0	0	66608	0	0	2.5875	0	2.5101	1787693823.921752	1787693826.431892	none	nopid	none	no_target	1787693824.623537	no pid record (clause i off)
C10a_nopid_pidfile	11	1787693830.800289301	1787693832.463983894	1787693832.591218021	1787693832.610912989	1787693830.820848	1787693831.827153	1787693831.833522	-	0	0	66685	0	0	2.5928	0	2.5032	1787693831.906238	1787693834.409476	none	nopid	none	no_target	1787693832.609791	no pid record (clause i off)
C10a_nopid_pidfile	12	1787693838.783808613	1787693840.428764857	1787693840.549047568	1787693840.564183937	1787693838.797119	1787693839.798979	1787693839.802289	-	0	0	66764	0	0	2.5796	0	2.5054	1787693839.864354	1787693842.369766	none	nopid	none	no_target	1787693840.565386	no pid record (clause i off)
C10b_nopid_handle	1	1787693853.154183668	1787693854.799346245	1787693854.920021661	1787693854.930273309	1787693853.165867	1787693854.172656	1787693854.180847	-	0	0	66909	-30	30	0.76	30	0.6868	1787693854.244343	1787693854.931162	none	nopid	66909	sent	1787693854.930572	no pid record (clause i off)
C10b_nopid_handle	2	1787693861.107339991	1787693862.784412381	1787693862.916062190	1787693862.934004334	1787693861.132766	1787693862.150708	1787693862.158911	-	0	0	66981	-30	30	0.7849	30	0.6897	1787693862.245223	1787693862.934955	none	nopid	66981	sent	1787693862.934151	no pid record (clause i off)
C10b_nopid_handle	3	1787693869.106541170	1787693870.759849741	1787693870.880276908	1787693870.895622068	1787693869.120330	1787693870.122099	1787693870.127133	-	0	0	67056	-30	30	0.7757	30	0.6999	1787693870.196637	1787693870.896501	none	nopid	67056	sent	1787693870.895893	no pid record (clause i off)
C10b_nopid_handle	4	1787693877.066675912	1787693878.719269571	1787693878.845947493	1787693878.862261939	1787693877.082782	1787693878.088932	1787693878.091883	-	0	0	67129	-30	30	0.7808	30	0.7112	1787693878.156808	1787693878.867960	none	nopid	67129	sent	1787693878.862637	no pid record (clause i off)
C10b_nopid_handle	5	1787693885.039542079	1787693886.686472231	1787693886.808329098	1787693886.823192594	1787693885.050731	1787693886.056983	1787693886.061759	-	0	0	67192	-30	30	0.7688	30	0.6873	1787693886.136807	1787693886.824125	none	nopid	67192	sent	1787693886.823491	no pid record (clause i off)
C10b_nopid_handle	6	1787693892.985476450	1787693894.650548078	1787693894.761766257	1787693894.775826800	1787693892.999729	1787693894.006906	1787693894.013147	-	0	0	67264	-30	30	0.7713	30	0.5633	1787693894.213324	1787693894.776664	none	nopid	67264	sent	1787693894.776103	no pid record (clause i off)
C10b_nopid_handle	7	1787693900.937270036	1787693902.597181194	1787693902.713631051	1787693902.725732855	1787693900.951555	1787693901.958351	1787693901.960846	-	0	0	67345	-30	30	0.7685	30	0.7058	1787693902.020391	1787693902.726182	none	nopid	67345	sent	1787693902.725898	no pid record (clause i off)
C10b_nopid_handle	8	1787693908.878249727	1787693910.528892940	1787693910.654550743	1787693910.668759243	1787693908.892048	1787693909.896055	1787693909.901838	-	0	0	67402	-30	30	0.7784	30	0.6960	1787693909.975376	1787693910.671333	none	nopid	67402	sent	1787693910.668791	no pid record (clause i off)
C10b_nopid_handle	9	1787693916.850268694	1787693918.511509260	1787693918.639825507	1787693918.654149714	1787693916.865400	1787693917.871936	1787693917.877009	-	0	0	67479	-30	30	0.7835	30	0.7139	1787693917.940775	1787693918.654697	none	nopid	67479	sent	1787693918.654326	no pid record (clause i off)
C10b_nopid_handle	10	1787693924.827177007	1787693926.478689506	1787693926.600099501	1787693926.618348269	1787693924.841449	1787693925.848557	1787693925.853862	-	0	0	67554	-30	30	0.7724	30	0.6868	1787693925.932880	1787693926.619721	none	nopid	67554	sent	1787693926.618491	no pid record (clause i off)
C10b_nopid_handle	11	1787693932.769055568	1787693934.409878963	1787693934.523022090	1787693934.534374274	1787693932.778707	1787693933.780912	1787693933.785246	-	0	0	67635	-30	30	0.756	30	0.6882	1787693933.847235	1787693934.535418	none	nopid	67635	sent	1787693934.534842	no pid record (clause i off)
C10b_nopid_handle	12	1787693940.687296226	1787693942.333190716	1787693942.456094869	1787693942.467237470	1787693940.699478	1787693941.702142	1787693941.706893	-	0	0	67775	-30	30	0.7675	30	0.6858	1787693941.782359	1787693942.468152	none	nopid	67775	sent	1787693942.467307	no pid record (clause i off)
C11a_shared_pubfirst	1	1787693955.920097425	1787693957.355047905	1787693957.468494238	1787693957.482749696	1787693955.929557	1787693956.934795	1787693957.941108	-	0	0	68112	-	-	-	31	0.7702	1787693958.034973	1787693958.805154	68026	esrch	68112	ESRCH	1787693959.762135	P<death<W (worker died in window)
C11a_shared_pubfirst	2	1787693966.610081497	1787693968.062751248	1787693968.186880935	1787693968.198914947	1787693966.622781	1787693967.629146	1787693968.644022	-	0	0	68248	-	-	-	31	0.7929	1787693968.757205	1787693969.550114	68154	esrch	68248	ESRCH	1787693970.503125	P<death<W (worker died in window)
C11a_shared_pubfirst	3	1787693977.317252592	1787693978.790853637	1787693978.918384554	1787693978.938108772	1787693977.345529	1787693978.352649	1787693979.363202	-	0	0	68665	-	-	-	31	0.8368	1787693979.453326	1787693980.290166	68572	esrch	68665	ESRCH	1787693981.246321	P<death<W (worker died in window)
C11a_shared_pubfirst	4	1787693988.105609710	1787693989.566985328	1787693989.697224896	1787693989.715488580	1787693988.120623	1787693989.127318	1787693990.136662	-	0	0	68798	-	-	-	31	0.8284	1787693990.225750	1787693991.054158	68704	esrch	68798	ESRCH	1787693992.013766	P<death<W (worker died in window)
C11a_shared_pubfirst	5	1787693998.854135188	1787694000.301307389	1787694000.427307064	1787694000.442314143	1787693998.867538	1787693999.874231	1787694000.888018	-	0	0	68928	-	-	-	31	0.7895	1787694000.988957	1787694001.778459	68835	esrch	68928	ESRCH	1787694002.733023	P<death<W (worker died in window)
C11a_shared_pubfirst	6	1787694009.550213725	1787694011.005968249	1787694011.132915169	1787694011.151416477	1787694009.565762	1787694010.571357	1787694011.577000	-	0	0	69065	-	-	-	31	0.8142	1787694011.676055	1787694012.490268	68970	esrch	69065	ESRCH	1787694013.449146	P<death<W (worker died in window)
C11a_shared_pubfirst	7	1787694020.274186304	1787694021.730375036	1787694021.848992588	1787694021.859051112	1787694020.291837	1787694021.296716	1787694022.303821	-	0	0	69202	-	-	-	31	0.7770	1787694022.399652	1787694023.176609	69104	esrch	69202	ESRCH	1787694024.132754	P<death<W (worker died in window)
C11a_shared_pubfirst	8	1787694030.976739261	1787694032.459558584	1787694032.603209699	1787694032.614060844	1787694031.003378	1787694032.011342	1787694033.021965	-	0	0	69337	-	-	-	31	0.8189	1787694033.132262	1787694033.951145	69243	esrch	69337	ESRCH	1787694034.907999	P<death<W (worker died in window)
C11a_shared_pubfirst	9	1787694041.785481468	1787694043.249833609	1787694043.378300353	1787694043.393180474	1787694041.807214	1787694042.815009	1787694043.824127	-	0	0	69470	-	-	-	31	0.8193	1787694043.928910	1787694044.748191	69374	esrch	69470	ESRCH	1787694045.708017	P<death<W (worker died in window)
C11a_shared_pubfirst	10	1787694052.526155658	1787694053.981705309	1787694054.115813479	1787694054.139875004	1787694052.542841	1787694053.556278	1787694054.568431	-	0	0	69598	-	-	-	31	0.8281	1787694054.657416	1787694055.485486	69507	esrch	69598	ESRCH	1787694056.444334	P<death<W (worker died in window)
C11a_shared_pubfirst	11	1787694063.221919362	1787694064.675765108	1787694064.795482070	1787694064.807110502	1787694063.237805	1787694064.241978	1787694065.254966	-	0	0	69730	-	-	-	31	0.8015	1787694065.336725	1787694066.138275	69636	esrch	69730	ESRCH	1787694067.094661	P<death<W (worker died in window)
C11a_shared_pubfirst	12	1787694073.919636306	1787694075.362576406	1787694075.484774770	1787694075.497914193	1787694073.926700	1787694074.935246	1787694075.941258	-	0	0	69867	-	-	-	31	0.8083	1787694076.040956	1787694076.849297	69768	esrch	69867	ESRCH	1787694077.807752	P<death<W (worker died in window)
C11b_shared_sweepfirst	1	1787694091.012938441	1787694092.481870805	1787694092.617516092	1787694092.633550956	1787694091.031842	1787694092.036861	1787694093.046532	-	0	0	70086	-	-	-	0	2.5029	1787694094.663339	1787694097.166250	70004	esrch	70004	ESRCH	1787694094.577683	P<death<W (worker died in window)
C11b_shared_sweepfirst	2	1787694101.378000715	1787694102.837749717	1787694102.960779868	1787694102.971416681	1787694101.392148	1787694102.398368	1787694103.410507	-	0	0	70201	-	-	-	0	2.5040	1787694105.022024	1787694107.526015	70125	esrch	70125	ESRCH	1787694104.872338	P<death<W (worker died in window)
C11b_shared_sweepfirst	3	1787694111.683486172	1787694113.134764515	1787694113.263849631	1787694113.280567700	1787694111.697340	1787694112.705574	1787694113.717173	-	0	0	70341	-	-	-	0	2.5035	1787694115.342259	1787694117.845743	70256	esrch	70256	ESRCH	1787694115.159873	P<death<W (worker died in window)
C11b_shared_sweepfirst	4	1787694121.941673157	1787694123.388435152	1787694123.507693534	1787694123.519415341	1787694121.957996	1787694122.961638	1787694123.967813	-	0	0	70478	-	-	-	0	2.5021	1787694125.585969	1787694128.088038	70396	esrch	70396	ESRCH	1787694125.383555	P<death<W (worker died in window)
C11b_shared_sweepfirst	5	1787694132.158544469	1787694133.616836563	1787694133.748397248	1787694133.770813783	1787694132.174180	1787694133.178644	1787694134.189820	-	0	0	70608	-	-	-	0	2.5010	1787694135.813594	1787694138.314627	70530	esrch	70530	ESRCH	1787694135.669532	P<death<W (worker died in window)
C11b_shared_sweepfirst	6	1787694142.512538474	1787694143.965908347	1787694144.089389079	1787694144.100704388	1787694142.527401	1787694143.531000	1787694144.544106	-	0	0	70758	-	-	-	0	2.5025	1787694146.172271	1787694148.674808	70645	esrch	70645	ESRCH	1787694146.001672	P<death<W (worker died in window)
C11b_shared_sweepfirst	7	1787694152.877769539	1787694154.337384166	1787694154.461984058	1787694154.478621919	1787694152.897500	1787694153.903071	1787694154.909152	-	0	0	70872	-	-	-	0	2.5030	1787694156.522227	1787694159.025204	70795	esrch	70795	ESRCH	1787694156.368621	P<death<W (worker died in window)
C11b_shared_sweepfirst	8	1787694163.213386527	1787694164.664823786	1787694164.784368458	1787694164.794335400	1787694163.224186	1787694164.227809	1787694165.237777	-	0	0	71000	-	-	-	0	2.5011	1787694166.867465	1787694169.368553	70924	esrch	70924	ESRCH	1787694166.693600	P<death<W (worker died in window)
C11b_shared_sweepfirst	9	1787694173.453810408	1787694174.890039715	1787694175.023208640	1787694175.029242230	1787694173.464718	1787694174.470442	1787694175.483840	-	0	0	71211	-	-	-	0	2.5038	1787694177.076742	1787694179.580521	71052	esrch	71052	ESRCH	1787694176.922205	P<death<W (worker died in window)
C11b_shared_sweepfirst	10	1787694183.807794081	1787694185.266344631	1787694185.392203516	1787694185.400969297	1787694183.819984	1787694184.827677	1787694185.840764	-	0	0	71362	-	-	-	0	2.5028	1787694187.487578	1787694189.990342	71277	esrch	71277	ESRCH	1787694187.291188	P<death<W (worker died in window)
C11b_shared_sweepfirst	11	1787694194.119471793	1787694195.577945094	1787694195.710911854	1787694195.731812065	1787694194.132386	1787694195.135379	1787694196.151286	-	0	0	71493	-	-	-	0	2.5019	1787694197.761673	1787694200.263609	71399	esrch	71399	ESRCH	1787694197.611938	P<death<W (worker died in window)
C11b_shared_sweepfirst	12	1787694204.442348398	1787694205.899611956	1787694206.025099385	1787694206.034846286	1787694204.456336	1787694205.462190	1787694206.469566	-	0	0	71610	-	-	-	0	2.5026	1787694208.065569	1787694210.568188	71530	esrch	71530	ESRCH	1787694207.932093	P<death<W (worker died in window)
C12a_pgid_pubfirst	1	1787695690.272432670	1787695691.721104105	1787695691.838985123	1787695691.849335990	1787695690.284885	1787695691.291269	1787695692.296074	-	0	0	91882	-	-	-	14	0.8410	1787695692.334860	1787695693.175823	91785	esrch	91882	ESRCH	1787695694.135522	P<death<W (worker died in window)
C12a_pgid_pubfirst	2	1787695700.863921718	1787695702.306347124	1787695702.417275379	1787695702.426195544	1787695700.878650	1787695701.885461	1787695702.891636	-	0	0	92046	-	-	-	14	0.7776	1787695702.966805	1787695703.744404	91938	esrch	91882	ESRCH	1787695704.701804	P<death<W (worker died in window)
C12a_pgid_pubfirst	3	1787695711.565531986	1787695713.019011267	1787695713.136744154	1787695713.147274561	1787695711.581674	1787695712.594308	1787695713.606678	-	0	0	92226	-	-	-	14	0.7627	1787695713.677667	1787695714.440351	92116	esrch	91882	ESRCH	1787695715.399721	P<death<W (worker died in window)
C12a_pgid_pubfirst	4	1787695722.136487181	1787695723.580386911	1787695723.699047292	1787695723.710282612	1787695722.147200	1787695723.154727	1787695724.165402	-	0	0	92488	-	-	-	14	0.8041	1787695724.224265	1787695725.028397	92329	esrch	91882	ESRCH	1787695725.987992	P<death<W (worker died in window)
C12a_pgid_pubfirst	5	1787695732.755168353	1787695734.200600859	1787695734.322423099	1787695734.332161719	1787695732.767286	1787695733.774680	1787695734.781501	-	0	0	92628	-	-	-	14	0.7941	1787695734.856691	1787695735.650800	92542	esrch	92628	ESRCH	1787695736.609602	P<death<W (worker died in window)
C12a_pgid_pubfirst	6	1787695743.438500999	1787695744.872784014	1787695744.981622692	1787695744.987757578	1787695743.448403	1787695744.455914	1787695745.467166	-	0	0	92936	-	-	-	14	0.7375	1787695745.547261	1787695746.284748	92747	esrch	92628	ESRCH	1787695747.239608	P<death<W (worker died in window)
C12a_pgid_pubfirst	7	1787695754.081964612	1787695755.523898505	1787695755.645440663	1787695755.659395970	1787695754.092340	1787695755.099951	1787695756.110196	-	0	0	93149	-	-	-	14	0.7953	1787695756.192224	1787695756.987502	93066	esrch	92628	ESRCH	1787695757.948224	P<death<W (worker died in window)
C12a_pgid_pubfirst	8	1787695764.707142679	1787695766.159166312	1787695766.295220024	1787695766.308912624	1787695764.719981	1787695765.726798	1787695766.738903	-	0	0	93298	-	-	-	14	0.8226	1787695766.817394	1787695767.640029	93215	esrch	92628	ESRCH	1787695768.601649	P<death<W (worker died in window)
C12a_pgid_pubfirst	9	1787695775.512963069	1787695776.962659172	1787695777.079737268	1787695777.087238273	1787695775.527191	1787695776.530510	1787695777.538181	-	0	0	93735	-	-	-	14	0.7758	1787695777.604632	1787695778.380398	93562	esrch	92628	ESRCH	1787695779.340081	P<death<W (worker died in window)
C12a_pgid_pubfirst	10	1787695786.133435564	1787695787.659329378	1787695787.778348923	1787695787.787845710	1787695786.164479	1787695787.178965	1787695788.192252	-	0	0	93877	-	-	-	14	0.8215	1787695788.283080	1787695789.104569	93795	esrch	92628	ESRCH	1787695790.065225	P<death<W (worker died in window)
C12a_pgid_pubfirst	11	1787695796.825275710	1787695798.267893388	1787695798.389495254	1787695798.401084739	1787695796.834496	1787695797.843116	1787695798.854412	-	0	0	94023	-	-	-	14	0.7830	1787695798.929381	1787695799.712412	93933	esrch	92628	ESRCH	1787695800.676907	P<death<W (worker died in window)
C12a_pgid_pubfirst	12	1787695807.416054764	1787695808.869330891	1787695808.999726797	1787695809.014808598	1787695807.426412	1787695808.438465	1787695809.446652	-	0	0	94168	-	-	-	14	0.8270	1787695809.517506	1787695810.344528	94078	esrch	92628	ESRCH	1787695811.304313	P<death<W (worker died in window)
C12b_pgid_sweepfirst	1	1787695824.445363899	1787695825.902401507	1787695826.026390820	1787695826.037421224	1787695824.453920	1787695825.460665	1787695826.466292	-	0	0	94409	-	-	-	-	0(never_started)	-	-	94309	esrch	94309	ESRCH	1787695827.938910	P<death<W (worker died in window)
C12b_pgid_sweepfirst	2	1787695834.874001869	1787695836.315204512	1787695836.429918661	1787695836.445846875	1787695834.882066	1787695835.888389	1787695836.902596	-	0	0	94529	-	-	-	-	0(never_started)	-	-	94447	esrch	94309	ESRCH	1787695838.341279	P<death<W (worker died in window)
C12b_pgid_sweepfirst	3	1787695845.121640678	1787695846.582231143	1787695846.708132530	1787695846.726732314	1787695845.132625	1787695846.138880	1787695847.146056	-	0	0	94674	-	-	-	-	0(never_started)	-	-	94581	esrch	94309	ESRCH	1787695848.605432	P<death<W (worker died in window)
C12b_pgid_sweepfirst	4	1787695855.498867064	1787695856.950807071	1787695857.072815394	1787695857.080625647	1787695855.510507	1787695856.519077	1787695857.530957	-	0	0	94805	-	-	-	-	0(never_started)	-	-	94723	esrch	94309	ESRCH	1787695858.965342	P<death<W (worker died in window)
C12b_pgid_sweepfirst	5	1787695865.739743239	1787695867.196883388	1787695867.312952031	1787695867.320730035	1787695865.751592	1787695866.762307	1787695867.766881	-	0	0	94944	-	-	-	-	0(never_started)	-	-	94859	esrch	94309	ESRCH	1787695869.196695	P<death<W (worker died in window)
C12b_pgid_sweepfirst	6	1787695876.009446942	1787695877.447868306	1787695877.562972870	1787695877.569760087	1787695876.019851	1787695877.027155	1787695878.031226	-	0	0	95077	-	-	-	-	0(never_started)	-	-	94977	esrch	94309	ESRCH	1787695879.442389	P<death<W (worker died in window)
C12b_pgid_sweepfirst	7	1787695886.156678740	1787695887.598388256	1787695887.717873549	1787695887.727056379	1787695886.164794	1787695887.171494	1787695888.177569	-	0	0	95198	-	-	-	-	0(never_started)	-	-	95117	esrch	94309	ESRCH	1787695889.594015	P<death<W (worker died in window)
C12b_pgid_sweepfirst	8	1787695896.337146960	1787695897.770214726	1787695897.892045049	1787695897.903595701	1787695896.344400	1787695897.350137	1787695898.356731	-	0	0	95345	-	-	-	-	0(never_started)	-	-	95252	esrch	94309	ESRCH	1787695899.784700	P<death<W (worker died in window)
C12b_pgid_sweepfirst	9	1787695906.559079270	1787695908.016784833	1787695908.142741302	1787695908.152524129	1787695906.567596	1787695907.574305	1787695908.585502	-	0	0	95480	-	-	-	-	0(never_started)	-	-	95396	esrch	94309	ESRCH	1787695910.029745	P<death<W (worker died in window)
C12b_pgid_sweepfirst	10	1787695916.814820665	1787695918.264392267	1787695918.395354087	1787695918.406425658	1787695916.825407	1787695917.834228	1787695918.839967	-	0	0	95614	-	-	-	-	0(never_started)	-	-	95516	esrch	94309	ESRCH	1787695920.278516	P<death<W (worker died in window)
C12b_pgid_sweepfirst	11	1787695927.070318686	1787695928.518744294	1787695928.644219890	1787695928.656230248	1787695927.080149	1787695928.088798	1787695929.095371	-	0	0	95730	-	-	-	-	0(never_started)	-	-	95648	esrch	94309	ESRCH	1787695930.533479	P<death<W (worker died in window)
C12b_pgid_sweepfirst	12	1787695937.282977290	1787695938.725714259	1787695938.846380171	1787695938.854749089	1787695937.291813	1787695938.299564	1787695939.306422	-	0	0	95872	-	-	-	-	0(never_started)	-	-	95784	esrch	94309	ESRCH	1787695940.723303	P<death<W (worker died in window)
C12c_perplayer_recordonly	1	1787694487.086756511	1787694488.545856072	1787694488.673030755	1787694488.686079171	1787694487.097216	1787694488.104094	1787694489.114116	-	0	0	75379	-	-	-	0	2.5048	1787694490.741627	1787694493.246445	75299	esrch	75299	ESRCH	1787694490.579059	P<death<W (worker died in window)
C12c_perplayer_recordonly	2	1787694497.455239053	1787694498.915880297	1787694499.047075356	1787694499.065158117	1787694497.466040	1787694498.477659	1787694499.490271	-	0	0	75529	-	-	-	0	2.5017	1787694501.113398	1787694503.615114	75419	esrch	75299	ESRCH	1787694500.955041	P<death<W (worker died in window)
C12c_perplayer_recordonly	3	1787694507.758380331	1787694509.218561040	1787694509.358099799	1787694509.378174044	1787694507.772385	1787694508.780187	1787694509.789251	-	0	0	75657	-	-	-	0	2.5046	1787694511.413353	1787694513.917958	75572	esrch	75299	ESRCH	1787694511.235923	P<death<W (worker died in window)
C12c_perplayer_recordonly	4	1787694518.032671373	1787694519.500719833	1787694519.639876355	1787694519.656059696	1787694518.054077	1787694519.066763	1787694520.082833	-	0	0	75802	-	-	-	0	2.5015	1787694521.692045	1787694524.193515	75725	esrch	75299	ESRCH	1787694521.535329	P<death<W (worker died in window)
C12c_perplayer_recordonly	5	1787694528.303964056	1787694529.758874985	1787694529.893878260	1787694529.911666883	1787694528.318047	1787694529.326757	1787694530.341769	-	0	0	75930	-	-	-	0	2.5055	1787694531.950259	1787694534.455806	75853	esrch	75299	ESRCH	1787694531.815723	P<death<W (worker died in window)
C12c_perplayer_recordonly	6	1787694538.667848851	1787694540.126593671	1787694540.257306333	1787694540.272006971	1787694538.686664	1787694539.695489	1787694540.710325	-	0	0	76061	-	-	-	0	2.5055	1787694542.348954	1787694544.854475	75983	esrch	75299	ESRCH	1787694542.183523	P<death<W (worker died in window)
C12c_perplayer_recordonly	7	1787694549.003779249	1787694550.463474185	1787694550.583593228	1787694550.597191162	1787694549.020125	1787694550.030969	1787694551.044844	-	0	0	76195	-	-	-	0	2.5023	1787694552.651668	1787694555.153960	76100	esrch	75299	ESRCH	1787694552.511220	P<death<W (worker died in window)
C12c_perplayer_recordonly	8	1787694559.304558359	1787694560.758338424	1787694560.888644166	1787694560.899967486	1787694559.317687	1787694560.327484	1787694561.347084	-	0	0	76311	-	-	-	0	2.5052	1787694562.952692	1787694565.457913	76235	esrch	75299	ESRCH	1787694562.798290	P<death<W (worker died in window)
C12c_perplayer_recordonly	9	1787694569.607321537	1787694571.062640874	1787694571.193023532	1787694571.204080978	1787694569.621774	1787694570.630258	1787694571.640670	-	0	0	76448	-	-	-	0	2.5026	1787694573.262425	1787694575.764980	76368	esrch	76368	ESRCH	1787694573.098864	P<death<W (worker died in window)
C12c_perplayer_recordonly	10	1787694579.949908039	1787694581.409067602	1787694581.527485817	1787694581.537009896	1787694579.961378	1787694580.966307	1787694581.977262	-	0	0	76577	-	-	-	0	2.5049	1787694583.576255	1787694586.081172	76501	esrch	76368	ESRCH	1787694583.425699	P<death<W (worker died in window)
C12c_perplayer_recordonly	11	1787694590.296587739	1787694591.747739587	1787694591.890491600	1787694591.909050218	1787694590.317206	1787694591.331756	1787694592.343568	-	0	0	76705	-	-	-	0	2.5023	1787694593.956695	1787694596.458947	76629	esrch	76368	ESRCH	1787694593.823111	P<death<W (worker died in window)
C12c_perplayer_recordonly	12	1787694600.653380705	1787694602.107403495	1787694602.236934822	1787694602.250332799	1787694600.671447	1787694601.685160	1787694602.693505	-	0	0	76863	-	-	-	0	2.5052	1787694604.304548	1787694606.809718	76742	esrch	76368	ESRCH	1787694604.173667	P<death<W (worker died in window)
C13a_ledger_truncate	1	1787694619.348351699	1787694620.800429457	1787694620.926360927	1787694620.940686315	1787694619.363847	1787694620.371156	1787694621.383395	-	0	0	77147	-	-	-	0	2.5031	1787694621.870774	1787694624.373849	77056	esrch	none	no_target	1787694623.537752	P<death<W (worker died in window)
C13a_ledger_truncate	2	1787694631.241328994	1787694632.699267847	1787694632.833882692	1787694632.853034181	1787694631.257803	1787694632.260496	1787694633.267984	-	0	0	77331	-	-	-	0	2.5021	1787694633.764034	1787694636.266181	77215	esrch	none	no_target	1787694635.456076	P<death<W (worker died in window)
C13a_ledger_truncate	3	1787694643.224751137	1787694644.673526285	1787694644.795812398	1787694644.828328573	1787694643.231971	1787694644.236919	1787694645.280228	-	0	0	77661	-	-	-	0	2.5037	1787694645.985134	1787694648.488881	77444	esrch	none	no_target	1787694647.577170	P<death<W (worker died in window)
C13a_ledger_truncate	4	1787694655.328513818	1787694656.781888777	1787694656.906100714	1787694656.920266853	1787694655.343067	1787694656.348844	1787694657.359455	-	0	0	77907	-	-	-	0	2.5011	1787694657.873220	1787694660.374304	77791	esrch	none	no_target	1787694659.515336	P<death<W (worker died in window)
C13a_ledger_truncate	5	1787694667.242290592	1787694668.700627651	1787694668.834024751	1787694668.850632920	1787694667.255001	1787694668.257621	1787694669.264824	-	0	0	78080	-	-	-	0	2.5043	1787694669.753057	1787694672.257350	77973	esrch	none	no_target	1787694671.457818	P<death<W (worker died in window)
C13a_ledger_truncate	6	1787694679.195943462	1787694680.643742865	1787694680.773002027	1787694680.791771185	1787694679.208461	1787694680.215944	1787694681.229168	-	0	0	78242	-	-	-	0	2.5015	1787694681.715506	1787694684.217037	78148	esrch	none	no_target	1787694683.400856	P<death<W (worker died in window)
C13a_ledger_truncate	7	1787694691.118026195	1787694692.575127760	1787694692.695445882	1787694692.705361376	1787694691.132205	1787694692.140442	1787694693.151981	-	0	0	78412	-	-	-	0	2.5014	1787694693.647045	1787694696.148475	78307	esrch	none	no_target	1787694695.308663	P<death<W (worker died in window)
C13a_ledger_truncate	8	1787694703.008544790	1787694704.465096650	1787694704.588413132	1787694704.598884956	1787694703.022923	1787694704.025306	1787694705.038650	-	0	0	78571	-	-	-	0	2.5039	1787694705.558774	1787694708.062633	78482	esrch	none	no_target	1787694707.202074	P<death<W (worker died in window)
C13a_ledger_truncate	9	1787694714.975337304	1787694716.456937626	1787694716.579358737	1787694716.597018776	1787694714.992727	1787694715.999535	1787694717.009415	-	0	0	78745	-	-	-	0	2.5013	1787694717.506418	1787694720.007700	78636	esrch	none	no_target	1787694719.196648	P<death<W (worker died in window)
C13a_ledger_truncate	10	1787694726.864114240	1787694728.324575623	1787694728.456806979	1787694728.475194181	1787694726.884023	1787694727.888568	1787694728.899164	-	0	0	78904	-	-	-	0	2.5027	1787694729.392922	1787694731.895666	78810	esrch	none	no_target	1787694731.088907	P<death<W (worker died in window)
C13a_ledger_truncate	11	1787694738.835622274	1787694740.303983660	1787694740.433905818	1787694740.449723366	1787694738.852022	1787694739.859818	1787694740.871787	-	0	0	79077	-	-	-	0	2.5014	1787694741.369771	1787694743.871176	78974	esrch	none	no_target	1787694743.050660	P<death<W (worker died in window)
C13a_ledger_truncate	12	1787694750.842933174	1787694752.291556156	1787694752.415431553	1787694752.429434568	1787694750.854361	1787694751.858825	1787694752.872611	-	0	0	79234	-	-	-	0	2.5029	1787694753.377468	1787694755.880332	79143	esrch	none	no_target	1787694755.037979	P<death<W (worker died in window)
C13b_perplayer_sametiming	1	1787696836.465252969	1787696837.921222058	1787696838.039491161	1787696838.053452752	1787696836.475933	1787696837.501377	1787696838.515056	-	0	0	13509	-	-	-	-	0(never_started)	-	-	13426	esrch	13426	ESRCH	1787696839.724589	P<death<W (worker died in window)
C13b_perplayer_sametiming	2	1787696846.473384335	1787696847.924396421	1787696848.055031364	1787696848.069401997	1787696846.486276	1787696847.488736	1787696848.494468	-	0	0	13675	-	-	-	-	0(never_started)	-	-	13576	esrch	13576	ESRCH	1787696849.769867	P<death<W (worker died in window)
C13b_perplayer_sametiming	3	1787696856.570025412	1787696858.016141163	1787696858.145901606	1787696858.161691530	1787696856.582748	1787696857.591483	1787696858.598456	-	0	0	13833	-	-	-	-	0(never_started)	-	-	13732	esrch	13576	ESRCH	1787696859.854743	P<death<W (worker died in window)
C13b_perplayer_sametiming	4	1787696866.704514258	1787696868.171721394	1787696868.312858467	1787696868.326300641	1787696866.717748	1787696867.731526	1787696868.745369	-	0	0	14097	-	-	-	-	0(never_started)	-	-	13894	esrch	13576	ESRCH	1787696870.020161	P<death<W (worker died in window)
C13b_perplayer_sametiming	5	1787696876.822135052	1787696878.279674433	1787696878.403596497	1787696878.414958670	1787696876.835015	1787696877.847989	1787696878.859084	-	0	0	14542	-	-	-	-	0(never_started)	-	-	14443	esrch	13576	ESRCH	1787696880.090559	P<death<W (worker died in window)
C13b_perplayer_sametiming	6	1787696886.898614491	1787696888.337473154	1787696888.468192555	1787696888.480331728	1787696886.902670	1787696887.914337	1787696888.922683	-	0	0	14741	-	-	-	-	0(never_started)	-	-	14598	esrch	13576	ESRCH	1787696890.162483	P<death<W (worker died in window)
C13b_perplayer_sametiming	7	1787696896.921282696	1787696898.374375657	1787696898.494054011	1787696898.504466766	1787696896.934020	1787696897.946670	1787696898.962598	-	0	0	14880	-	-	-	-	0(never_started)	-	-	14793	esrch	13576	ESRCH	1787696900.191779	P<death<W (worker died in window)
C13b_perplayer_sametiming	8	1787696906.997992467	1787696908.454651140	1787696908.573649743	1787696908.586167416	1787696907.013285	1787696908.030828	1787696909.042810	-	0	0	15021	-	-	-	-	0(never_started)	-	-	14927	esrch	14927	ESRCH	1787696910.289741	P<death<W (worker died in window)
C13b_perplayer_sametiming	9	1787696917.063837067	1787696918.507947067	1787696918.634745132	1787696918.645359429	1787696917.077632	1787696918.090462	1787696919.096138	-	0	0	15165	-	-	-	-	0(never_started)	-	-	15070	esrch	14927	ESRCH	1787696920.341755	P<death<W (worker died in window)
C13b_perplayer_sametiming	10	1787696927.200493162	1787696928.656717334	1787696928.799248074	1787696928.813556290	1787696927.212218	1787696928.224771	1787696929.234222	-	0	0	15303	-	-	-	-	0(never_started)	-	-	15221	esrch	14927	ESRCH	1787696930.513178	P<death<W (worker died in window)
C13b_perplayer_sametiming	11	1787696937.345601053	1787696938.805710394	1787696938.934708794	1787696938.945628383	1787696937.358647	1787696938.363465	1787696939.378187	-	0	0	15448	-	-	-	-	0(never_started)	-	-	15370	esrch	14927	ESRCH	1787696940.631001	P<death<W (worker died in window)
C13b_perplayer_sametiming	12	1787696947.448011629	1787696948.898521633	1787696949.022355530	1787696949.032196369	1787696947.459988	1787696948.472266	1787696949.480510	-	0	0	15586	-	-	-	-	0(never_started)	-	-	15487	esrch	14927	ESRCH	1787696950.695656	P<death<W (worker died in window)
C14a_shared_unlink	1	1787697479.927431141	1787697481.581012873	1787697481.697406516	1787697481.707823230	1787697479.938868	1787697480.951712	1787697480.957790	1787697480.958430	0	0	26021	-15	15	0.6309	15	0.5040	1787697481.077619	1787697481.581657	26021	sent	26021	ESRCH	1787697481.707972	record published by player
C14a_shared_unlink	2	1787697489.951510172	1787697491.602880570	1787697491.723321257	1787697491.733334679	1787697489.962308	1787697490.974906	1787697490.979812	1787697490.980296	0	0	26125	-15	15	0.6299	15	0.5083	1787697491.095326	1787697491.603616	26125	sent	26125	ESRCH	1787697491.733553	record published by player
C14a_shared_unlink	3	1787697499.967331783	1787697501.612986094	1787697501.736344283	1787697501.748099831	1787697499.977678	1787697500.988849	1787697500.992365	1787697500.992759	0	0	26234	-15	15	0.626	15	0.5070	1787697501.106593	1787697501.613635	26234	sent	26234	ESRCH	1787697501.748252	record published by player
C14a_shared_unlink	4	1787697510.017603662	1787697511.672172019	1787697511.812724467	1787697511.827073183	1787697510.032975	1787697511.044186	1787697511.047720	1787697511.048079	0	0	26352	-15	15	0.6315	15	0.5194	1787697511.154389	1787697511.673797	26352	sent	26352	ESRCH	1787697511.827254	record published by player
C14a_shared_unlink	5	1787697520.105433518	1787697521.758629667	1787697521.884763399	1787697521.896494322	1787697520.116905	1787697521.129432	1787697521.135739	1787697521.136951	0	0	26446	-15	15	0.6313	15	0.5038	1787697521.255560	1787697521.759396	26446	sent	26446	ESRCH	1787697521.896740	record published by player
C14a_shared_unlink	6	1787697530.150113894	1787697531.797107873	1787697531.919691020	1787697531.929678067	1787697530.162746	1787697531.175087	1787697531.181534	1787697531.182683	0	0	26559	-15	15	0.6238	15	0.5033	1787697531.294508	1787697531.797770	26559	sent	26559	ESRCH	1787697531.929871	record published by player
C14a_shared_unlink	7	1787697540.185941474	1787697541.837390621	1787697541.968938315	1787697541.979441487	1787697540.199163	1787697541.210726	1787697541.218419	1787697541.219626	0	0	26672	-15	15	0.6285	15	0.5242	1787697541.313808	1787697541.838029	26672	sent	26672	ESRCH	1787697541.979416	record published by player
C14a_shared_unlink	8	1787697550.259950905	1787697551.920931059	1787697552.049905334	1787697552.060270256	1787697550.271886	1787697551.283964	1787697551.292299	1787697551.294065	0	0	26773	-15	15	0.6398	15	0.5233	1787697551.399007	1787697551.922285	26773	sent	26773	ESRCH	1787697552.060325	record published by player
C14a_shared_unlink	9	1787697560.320380581	1787697561.981555985	1787697562.107965134	1787697562.123619267	1787697560.336020	1787697561.348564	1787697561.354675	1787697561.355309	0	0	26884	-15	15	0.635	15	0.5269	1787697561.455500	1787697561.982439	26884	sent	26884	ESRCH	1787697562.123783	record published by player
C14a_shared_unlink	10	1787697570.350358096	1787697572.003249376	1787697572.125585294	1787697572.138062519	1787697570.357606	1787697571.368804	1787697571.372103	1787697571.372527	0	0	27273	-15	15	0.6388	15	0.5345	1787697571.470386	1787697572.004924	27273	sent	27273	ESRCH	1787697572.138252	record published by player
C14a_shared_unlink	11	1787697580.398122341	1787697582.061490642	1787697582.197288648	1787697582.213274787	1787697580.411016	1787697581.422162	1787697581.424993	1787697581.425430	0	0	27368	-15	15	0.6436	15	0.5341	1787697581.528986	1787697582.063076	27368	sent	27368	ESRCH	1787697582.213403	record published by player
C14a_shared_unlink	12	1787697590.474454188	1787697592.135111078	1787697592.262659589	1787697592.274311140	1787697590.488549	1787697591.500192	1787697591.505981	1787697591.506625	0	0	27485	-15	15	0.6368	15	0.5388	1787697591.596965	1787697592.135798	27485	sent	27485	ESRCH	1787697592.274444	record published by player
C14b_perplayer_unlink	1	1787697613.951016171	1787697615.601719406	1787697615.736802192	1787697615.751762367	1787697613.959330	1787697614.971764	1787697614.978528	1787697614.979815	0	0	27724	-15	15	0.6315	15	0.5101	1787697615.092257	1787697615.602346	27724	sent	27724	ESRCH	1787697615.751790	record published by player
C14b_perplayer_unlink	2	1787697623.978436999	1787697625.625827609	1787697625.763526768	1787697625.774372107	1787697623.988614	1787697624.999190	1787697625.005178	1787697625.005819	0	0	27836	-15	15	0.6414	15	0.5095	1787697625.125242	1787697625.634766	27836	sent	27836	ESRCH	1787697625.774551	record published by player
C14b_perplayer_unlink	3	1787697634.049229364	1787697635.701466080	1787697635.822132894	1787697635.834214817	1787697634.063460	1787697635.076030	1787697635.082959	1787697635.084148	0	0	27930	-15	15	0.627	15	0.5065	1787697635.195564	1787697635.702099	27930	sent	27930	ESRCH	1787697635.834341	record published by player
C14b_perplayer_unlink	4	1787697644.082264812	1787697645.738863726	1787697645.860883498	1787697645.873124380	1787697644.096562	1787697645.110019	1787697645.118373	1787697645.119818	0	0	28038	-15	15	0.6305	15	0.5063	1787697645.233125	1787697645.739433	28038	sent	28038	ESRCH	1787697645.873350	record published by player
C14b_perplayer_unlink	5	1787697654.111822871	1787697655.775618241	1787697655.908382102	1787697655.921413984	1787697654.123616	1787697655.136102	1787697655.143962	1787697655.145158	0	0	28148	-15	15	0.6429	15	0.5314	1787697655.245692	1787697655.777067	28148	sent	28148	ESRCH	1787697655.921586	record published by player
C14b_perplayer_unlink	6	1787697664.162907831	1787697665.827541948	1787697665.951917763	1787697665.961084934	1787697664.173417	1787697665.186054	1787697665.195787	1787697665.198150	0	0	28248	-15	15	0.6444	15	0.5370	1787697665.292053	1787697665.829063	28248	sent	28248	ESRCH	1787697665.961272	record published by player
C14b_perplayer_unlink	7	1787697674.191971430	1787697675.850053833	1787697675.977960274	1787697675.988667905	1787697674.201099	1787697675.213574	1787697675.219708	1787697675.221233	0	0	28357	-15	15	0.6401	15	0.5304	1787697675.321279	1787697675.851709	28357	sent	28357	ESRCH	1787697675.988819	record published by player
C14b_perplayer_unlink	8	1787697684.249503078	1787697685.903716355	1787697686.026677877	1787697686.035808423	1787697684.266118	1787697685.278431	1787697685.284384	1787697685.285561	0	0	28465	-15	15	0.6269	15	0.5009	1787697685.403371	1787697685.904302	28465	sent	28465	ESRCH	1787697686.035918	record published by player
C14b_perplayer_unlink	9	1787697694.309537555	1787697695.972839837	1787697696.103252404	1787697696.114878285	1787697694.322879	1787697695.334283	1787697695.338020	1787697695.338412	0	0	28559	-15	15	0.6429	15	0.5255	1787697695.448973	1787697695.974461	28559	sent	28559	ESRCH	1787697696.115007	record published by player
C14b_perplayer_unlink	10	1787697704.320431006	1787697705.983197619	1787697706.114885313	1787697706.127105736	1787697704.333156	1787697705.345308	1787697705.353750	1787697705.354950	0	0	28667	-15	15	0.6403	15	0.5186	1787697705.465752	1787697705.984319	28667	sent	28667	ESRCH	1787697706.127309	record published by player
C14b_perplayer_unlink	11	1787697714.380457145	1787697716.043091759	1787697716.177897329	1787697716.190004335	1787697714.392603	1787697715.398614	1787697715.403499	1787697715.404083	0	0	28780	-15	15	0.6464	15	0.5309	1787697715.512993	1787697716.043876	28780	sent	28780	ESRCH	1787697716.190150	record published by player
C14b_perplayer_unlink	12	1787697724.466992549	1787697726.119983907	1787697726.243717845	1787697726.255145893	1787697724.481481	1787697725.494218	1787697725.501660	1787697725.502597	0	0	28876	-15	15	0.6277	15	0.5022	1787697725.618536	1787697726.120783	28876	sent	28876	ESRCH	1787697726.255319	record published by player
C15a_recheck_death	1	1787695100.362174957	1787695100.826980609	1787695100.943683957	1787695100.952274873	1787695100.383004	1787695101.388599	-	-	1	1	-	-	-	-	-	-	-	-	84396	esrch	84396	ESRCH	1787695101.389759	R<S2 (recheck)
C15a_recheck_death	2	1787695108.781255511	1787695109.234531802	1787695109.357125496	1787695109.367607820	1787695108.800178	1787695109.807236	-	-	1	1	-	-	-	-	-	-	-	-	84396	esrch	84396	ESRCH	1787695109.808267	R<S2 (recheck)
C15a_recheck_death	3	1787695117.227932556	1787695117.673149303	1787695117.810358884	1787695117.826834345	1787695117.237827	1787695118.242833	-	-	1	1	-	-	-	-	-	-	-	-	84396	esrch	84396	ESRCH	1787695118.244023	R<S2 (recheck)
C15a_recheck_death	4	1787695125.671543782	1787695126.131351457	1787695126.257644633	1787695126.271758648	1787695125.686180	1787695126.694533	-	-	1	1	-	-	-	-	-	-	-	-	84396	esrch	84396	ESRCH	1787695126.697455	R<S2 (recheck)
C15a_recheck_death	5	1787695134.147200601	1787695134.594453130	1787695134.722131049	1787695134.736236481	1787695134.159697	1787695135.167573	-	-	1	1	-	-	-	-	-	-	-	-	84396	esrch	84396	ESRCH	1787695135.171955	R<S2 (recheck)
C15a_recheck_death	6	1787695142.625682657	1787695143.075789839	1787695143.201320894	1787695143.217435732	1787695142.639708	1787695143.646411	-	-	1	1	-	-	-	-	-	-	-	-	84396	esrch	84396	ESRCH	1787695143.647765	R<S2 (recheck)
C15a_recheck_death	7	1787695151.067488142	1787695151.541647498	1787695151.654795238	1787695151.660363128	1787695151.081343	1787695152.088947	-	-	1	1	-	-	-	-	-	-	-	-	84396	esrch	84396	ESRCH	1787695152.090528	R<S2 (recheck)
C15a_recheck_death	8	1787695159.526937666	1787695159.992772771	1787695160.128490234	1787695160.147307268	1787695159.548061	1787695160.555521	-	-	1	1	-	-	-	-	-	-	-	-	84396	esrch	84396	ESRCH	1787695160.557957	R<S2 (recheck)
C15a_recheck_death	9	1787695168.062722526	1787695168.542110523	1787695168.675667372	1787695168.689540846	1787695168.081853	1787695169.089711	-	-	1	1	-	-	-	-	-	-	-	-	84396	esrch	84396	ESRCH	1787695169.092887	R<S2 (recheck)
C15a_recheck_death	10	1787695176.570603606	1787695177.026146927	1787695177.142041321	1787695177.162675512	1787695176.588567	1787695177.599383	-	-	1	1	-	-	-	-	-	-	-	-	84396	esrch	84396	ESRCH	1787695177.602897	R<S2 (recheck)
C15a_recheck_death	11	1787695185.012000717	1787695185.470779106	1787695185.607169692	1787695185.627877091	1787695185.023875	1787695186.030844	-	-	1	1	-	-	-	-	-	-	-	-	84396	esrch	84396	ESRCH	1787695186.033305	R<S2 (recheck)
C15a_recheck_death	12	1787695193.539609701	1787695193.998385965	1787695194.128287707	1787695194.147476155	1787695193.557708	1787695194.563625	-	-	1	1	-	-	-	-	-	-	-	-	84396	esrch	84396	ESRCH	1787695194.565257	R<S2 (recheck)
C15b_norecheck_death	1	1787695208.508317461	1787695208.967708680	1787695209.103258228	1787695209.121229640	1787695208.528762	1787695209.532472	1787695209.542651	-	skipped	0	86173	-	-	-	0	2.5007	1787695209.597824	1787695212.098549	86096	esrch	86096	ESRCH	1787695211.019533	P<death<W (worker died in window)
C15b_norecheck_death	2	1787695217.900424981	1787695218.361943607	1787695218.492935426	1787695218.510796965	1787695217.916300	1787695218.922438	1787695218.936192	-	skipped	0	86276	-	-	-	0	2.5036	1787695218.983169	1787695221.486726	86205	esrch	86205	ESRCH	1787695220.399749	P<death<W (worker died in window)
C15b_norecheck_death	3	1787695227.272119267	1787695227.728775750	1787695227.849644619	1787695227.864623380	1787695227.291765	1787695228.298167	1787695228.305146	-	skipped	0	86388	-	-	-	0	2.5006	1787695228.365880	1787695230.866431	86313	esrch	86313	ESRCH	1787695229.768195	P<death<W (worker died in window)
C15b_norecheck_death	4	1787695236.668169935	1787695237.131075762	1787695237.269455838	1787695237.284251058	1787695236.682037	1787695237.688487	1787695237.691657	-	skipped	0	86513	-	-	-	0	2.5021	1787695237.733285	1787695240.235361	86420	esrch	86420	ESRCH	1787695239.184092	P<death<W (worker died in window)
C15b_norecheck_death	5	1787695246.018824824	1787695246.468107343	1787695246.597981793	1787695246.617963696	1787695246.032461	1787695247.039976	1787695247.052645	-	skipped	0	86619	-	-	-	0	2.5022	1787695247.095324	1787695249.597574	86545	esrch	86545	ESRCH	1787695248.519791	P<death<W (worker died in window)
C15b_norecheck_death	6	1787695255.392744099	1787695255.855681427	1787695255.993803129	1787695256.012990743	1787695255.405178	1787695256.411839	1787695256.415673	-	skipped	0	86731	-	-	-	0	2.5012	1787695256.456733	1787695258.957951	86652	esrch	86652	ESRCH	1787695257.878831	P<death<W (worker died in window)
C15b_norecheck_death	7	1787695264.671230257	1787695265.132846965	1787695265.251297305	1787695265.272645201	1787695264.684357	1787695265.691913	1787695265.698707	-	skipped	0	86857	-	-	-	0	2.5030	1787695265.757498	1787695268.260539	86779	esrch	86779	ESRCH	1787695267.166642	P<death<W (worker died in window)
C15b_norecheck_death	8	1787695273.987906811	1787695274.446257286	1787695274.581528335	1787695274.596792261	1787695274.000963	1787695275.007547	1787695275.012695	-	skipped	0	86962	-	-	-	0	2.5007	1787695275.066273	1787695277.567008	86890	esrch	86890	ESRCH	1787695276.488066	P<death<W (worker died in window)
C15b_norecheck_death	9	1787695283.341084313	1787695283.802397148	1787695283.931957642	1787695283.946159281	1787695283.356750	1787695284.361514	1787695284.368133	-	skipped	0	87064	-	-	-	0	2.5030	1787695284.429329	1787695286.932345	86994	esrch	86994	ESRCH	1787695285.841525	P<death<W (worker died in window)
C15b_norecheck_death	10	1787695292.617140940	1787695293.075021334	1787695293.197730652	1787695293.211542668	1787695292.634058	1787695293.641190	1787695293.647050	-	skipped	0	87194	-	-	-	0	2.5039	1787695293.704003	1787695296.207947	87118	esrch	87118	ESRCH	1787695295.115697	P<death<W (worker died in window)
C15b_norecheck_death	11	1787695301.947249471	1787695302.400276222	1787695302.528400139	1787695302.542833985	1787695301.960893	1787695302.967477	1787695302.971775	-	skipped	0	87306	-	-	-	0	2.5043	1787695303.025252	1787695305.529559	87227	esrch	87227	ESRCH	1787695304.481215	P<death<W (worker died in window)
C15b_norecheck_death	12	1787695311.401613271	1787695311.848678509	1787695311.981469487	1787695311.993018556	1787695311.411478	1787695312.421632	1787695312.434827	-	skipped	0	87430	-	-	-	0	2.5027	1787695312.492212	1787695314.994915	87344	esrch	87344	ESRCH	1787695313.907587	P<death<W (worker died in window)
C15c_norecheck_death_pgid	1	1787697093.801496564	1787697094.253267007	1787697094.397505082	1787697094.414760341	1787697093.811226	1787697094.813339	1787697094.827075	-	skipped	0	18018	-	-	-	31	0.4471	1787697094.902024	1787697095.349151	17940	esrch	18018	ESRCH	1787697096.315003	P<death<W (worker died in window)
C15c_norecheck_death_pgid	2	1787697103.147523500	1787697103.600853943	1787697103.731196178	1787697103.749900521	1787697103.159081	1787697104.170721	1787697104.176187	-	skipped	0	18171	-	-	-	31	0.4254	1787697104.259851	1787697104.685266	18058	esrch	18018	ESRCH	1787697105.651595	P<death<W (worker died in window)
C15c_norecheck_death_pgid	3	1787697112.459037082	1787697112.911046941	1787697113.036180298	1787697113.045983303	1787697112.473682	1787697113.480225	1787697113.484859	-	skipped	0	18385	-	-	-	31	0.4122	1787697113.566277	1787697113.978447	18231	esrch	18018	ESRCH	1787697114.943446	P<death<W (worker died in window)
C15c_norecheck_death_pgid	4	1787697121.753631034	1787697122.205925519	1787697122.331890542	1787697122.348253092	1787697121.768883	1787697122.781691	1787697122.790276	-	skipped	0	18614	-	-	-	31	0.4176	1787697122.861281	1787697123.278908	18469	esrch	18018	ESRCH	1787697124.238537	P<death<W (worker died in window)
C15c_norecheck_death_pgid	5	1787697130.978116155	1787697131.432572391	1787697131.566234544	1787697131.575332215	1787697130.989076	1787697131.993271	1787697131.998521	-	skipped	0	18743	-	-	-	31	0.4238	1787697132.075965	1787697132.499786	18659	esrch	18018	ESRCH	1787697133.465018	P<death<W (worker died in window)
C15c_norecheck_death_pgid	6	1787697140.276553440	1787697140.729880925	1787697140.852471739	1787697140.863463245	1787697140.289438	1787697141.306299	1787697141.311519	-	skipped	0	18878	-	-	-	31	0.3864	1787697141.394679	1787697141.781075	18797	esrch	18018	ESRCH	1787697142.745582	P<death<W (worker died in window)
C15c_norecheck_death_pgid	7	1787697149.551109713	1787697150.029174878	1787697150.168006867	1787697150.181258041	1787697149.563244	1787697150.578021	1787697150.590449	-	skipped	0	18992	-	-	-	31	0.4712	1787697150.668180	1787697151.139377	18914	esrch	18018	ESRCH	1787697152.097807	P<death<W (worker died in window)
C15c_norecheck_death_pgid	8	1787697158.893098397	1787697159.345446882	1787697159.478383576	1787697159.494037000	1787697158.905705	1787697159.918440	1787697159.922268	-	skipped	0	19105	-	-	-	31	0.4440	1787697159.989147	1787697160.433154	19028	esrch	18018	ESRCH	1787697161.397592	P<death<W (worker died in window)
C15c_norecheck_death_pgid	9	1787697168.168834170	1787697168.615161235	1787697168.747195137	1787697168.755119224	1787697168.180765	1787697169.194712	1787697169.202926	-	skipped	0	19239	-	-	-	31	0.4055	1787697169.269586	1787697169.675066	19162	esrch	18018	ESRCH	1787697170.649813	P<death<W (worker died in window)
C15c_norecheck_death_pgid	10	1787697177.478918293	1787697177.934585821	1787697178.061633804	1787697178.076546770	1787697177.495419	1787697178.510065	1787697178.515378	-	skipped	0	19361	-	-	-	31	0.3993	1787697178.601734	1787697179.000993	19282	esrch	18018	ESRCH	1787697179.966571	P<death<W (worker died in window)
C15c_norecheck_death_pgid	11	1787697186.839869689	1787697187.294031549	1787697187.427379368	1787697187.437155915	1787697186.852482	1787697187.867032	1787697187.880116	-	skipped	0	19492	-	-	-	31	0.4004	1787697187.951053	1787697188.351446	19404	esrch	19492	ESRCH	1787697189.316432	P<death<W (worker died in window)
C15c_norecheck_death_pgid	12	1787697196.097636241	1787697196.546592473	1787697196.681871876	1787697196.694816091	1787697196.109940	1787697197.124003	1787697197.127165	-	skipped	0	19621	-	-	-	31	0.4305	1787697197.196210	1787697197.626753	19545	esrch	19492	ESRCH	1787697198.592070	P<death<W (worker died in window)
C16a_pending_sweepfirst	1	1787696963.897536753	1787696965.349423507	1787696965.484586827	1787696965.500218210	1787696963.907406	1787696964.909887	1787696965.926375	-	0	0	15869	-	-	-	-	0(never_started)	-	-	15765	esrch	15765	ESRCH	1787696967.391906	P<death<W (worker died in window)
C16a_pending_sweepfirst	2	1787696974.203241228	1787696975.648184270	1787696975.781781714	1787696975.797397055	1787696974.215358	1787696975.227458	1787696976.242897	-	0	0	16038	-	-	-	-	0(never_started)	-	-	33f62e9b	esrch	15933	ESRCH	1787696977.691481	P<death<W (worker died in window)
C16a_pending_sweepfirst	3	1787696984.469572555	1787696985.917858600	1787696986.063836634	1787696986.074198972	1787696984.480156	1787696985.491925	1787696986.505969	-	0	0	16205	-	-	-	-	0(never_started)	-	-	33f62e9b	esrch	15933	ESRCH	1787696987.963846	P<death<W (worker died in window)
C16a_pending_sweepfirst	4	1787696994.754149144	1787696996.208469150	1787696996.342052511	1787696996.353802475	1787696994.766102	1787696995.778551	1787696996.791214	-	0	0	16323	-	-	-	-	0(never_started)	-	-	8d3ff308	esrch	16241	ESRCH	1787696998.243390	P<death<W (worker died in window)
C16a_pending_sweepfirst	5	1787697005.009275720	1787697006.461720056	1787697006.596598959	1787697006.614318260	1787697005.020290	1787697006.033176	1787697007.046062	-	0	0	16459	-	-	-	-	0(never_started)	-	-	8d3ff308	esrch	16241	ESRCH	1787697008.514943	P<death<W (worker died in window)
C16a_pending_sweepfirst	6	1787697015.324678615	1787697016.775242035	1787697016.894651681	1787697016.905008436	1787697015.335513	1787697016.347669	1787697017.362318	-	0	0	16588	-	-	-	-	0(never_started)	-	-	8d3ff308	esrch	16241	ESRCH	1787697018.786747	P<death<W (worker died in window)
C16a_pending_sweepfirst	7	1787697025.550232090	1787697026.999182343	1787697027.123894366	1787697027.135096955	1787697025.561352	1787697026.573192	1787697027.585755	-	0	0	16746	-	-	-	-	0(never_started)	-	-	8d3ff308	esrch	16241	ESRCH	1787697029.014470	P<death<W (worker died in window)
C16a_pending_sweepfirst	8	1787697035.785903779	1787697037.239073658	1787697037.369083642	1787697037.380132272	1787697035.797607	1787697036.806225	1787697037.812107	-	0	0	16940	-	-	-	-	0(never_started)	-	-	8d3ff308	esrch	16241	ESRCH	1787697039.273981	P<death<W (worker died in window)
C16a_pending_sweepfirst	9	1787697046.131190566	1787697047.591195365	1787697047.721244391	1787697047.730575771	1787697046.143210	1787697047.155132	1787697048.167726	-	0	0	17216	-	-	-	-	0(never_started)	-	-	92af5a82	esrch	16241	ESRCH	1787697049.624061	P<death<W (worker died in window)
C16a_pending_sweepfirst	10	1787697056.485967733	1787697057.940938239	1787697058.063043928	1787697058.074312183	1787697056.508380	1787697057.520617	1787697058.534503	-	0	0	17552	-	-	-	-	0(never_started)	-	-	ebe7e593	esrch	16241	ESRCH	1787697059.971517	P<death<W (worker died in window)
C16a_pending_sweepfirst	11	1787697066.830545560	1787697068.288878067	1787697068.431685225	1787697068.443921023	1787697066.840199	1787697067.851061	1787697068.854782	-	0	0	17679	-	-	-	-	0(never_started)	-	-	ebe7e593	esrch	16241	ESRCH	1787697070.325735	P<death<W (worker died in window)
C16a_pending_sweepfirst	12	1787697077.130833242	1787697078.580062869	1787697078.708374768	1787697078.724200194	1787697077.141994	1787697078.154342	1787697079.174493	-	0	0	17812	-	-	-	-	0(never_started)	-	-	ebe7e593	esrch	16241	ESRCH	1787697080.612765	P<death<W (worker died in window)
C16b_pending_pubfirst	1	1787696207.973102737	1787696209.408295035	1787696209.521407942	1787696209.529273279	1787696207.982370	1787696208.988228	1787696209.996277	-	0	0	422	-	-	-	31	0.7602	1787696210.054980	1787696210.815181	270	esrch	422	ESRCH	1787696211.769621	P<death<W (worker died in window)
C16b_pending_pubfirst	2	1787696218.493179052	1787696219.927781852	1787696220.041111467	1787696220.050594337	1787696218.502562	1787696219.508398	1787696220.514863	-	0	0	599	-	-	-	31	0.7794	1787696220.572185	1787696221.351622	476	esrch	422	ESRCH	1787696222.309036	P<death<W (worker died in window)
C16b_pending_pubfirst	3	1787696229.033362102	1787696230.468922981	1787696230.582707344	1787696230.590503680	1787696229.040576	1787696230.046633	1787696231.054526	-	0	0	831	-	-	-	31	0.7855	1787696231.108655	1787696231.894148	681	esrch	422	ESRCH	1787696232.846864	P<death<W (worker died in window)
C16b_pending_pubfirst	4	1787696239.570716166	1787696241.008744658	1787696241.122949727	1787696241.132259890	1787696239.579979	1787696240.586374	1787696241.594698	-	0	0	1226	-	-	-	31	0.7656	1787696241.659720	1787696242.425283	957	esrch	422	ESRCH	1787696243.378432	P<death<W (worker died in window)
C16b_pending_pubfirst	5	1787696250.193227690	1787696251.628326697	1787696251.739239698	1787696251.749901021	1787696250.202988	1787696251.209663	1787696252.218649	-	0	0	1385	-	-	-	31	0.7990	1787696252.284319	1787696253.083286	957	esrch	422	ESRCH	1787696254.041396	P<death<W (worker died in window)
C16b_pending_pubfirst	6	1787696260.785475237	1787696262.226042216	1787696262.344678430	1787696262.354449257	1787696260.793280	1787696261.800138	1787696262.807642	-	0	0	1544	-	-	-	31	0.8041	1787696262.860176	1787696263.664288	957	esrch	422	ESRCH	1787696264.618722	P<death<W (worker died in window)
C16b_pending_pubfirst	7	1787696271.350884373	1787696272.789936109	1787696272.902948101	1787696272.908712947	1787696271.359972	1787696272.367037	1787696273.375136	-	0	0	1704	-	-	-	31	0.7719	1787696273.436439	1787696274.208371	957	esrch	422	ESRCH	1787696275.164236	P<death<W (worker died in window)
C16b_pending_pubfirst	8	1787696281.903160656	1787696283.339132741	1787696283.452160482	1787696283.458418201	1787696281.911711	1787696282.918619	1787696283.926814	-	0	0	1913	-	-	-	31	0.6928	1787696284.062526	1787696284.755315	957	esrch	422	ESRCH	1787696285.711119	P<death<W (worker died in window)
C16b_pending_pubfirst	9	1787696292.431996303	1787696293.867045518	1787696293.982692162	1787696293.991865076	1787696292.438470	1787696293.446152	1787696294.453929	-	0	0	2047	-	-	-	31	0.7766	1787696294.518261	1787696295.294821	957	esrch	422	ESRCH	1787696296.253000	P<death<W (worker died in window)
C16b_pending_pubfirst	10	1787696302.968984827	1787696304.414196034	1787696304.532135376	1787696304.540473043	1787696302.977308	1787696303.985311	1787696304.993582	-	0	0	2418	-	-	-	31	0.8021	1787696305.050291	1787696305.852350	957	esrch	422	ESRCH	1787696306.810511	P<death<W (worker died in window)
C16b_pending_pubfirst	11	1787696313.530768189	1787696314.973286242	1787696315.092154704	1787696315.101968531	1787696313.539565	1787696314.546847	1787696315.555254	-	0	0	2607	-	-	-	31	0.8007	1787696315.617598	1787696316.418279	957	esrch	422	ESRCH	1787696317.382034	P<death<W (worker died in window)
C16b_pending_pubfirst	12	1787696324.113189866	1787696325.556765540	1787696325.670936650	1787696325.680891809	1787696324.123961	1787696325.132073	1787696326.137722	-	0	0	2748	-	-	-	31	0.7830	1787696326.199532	1787696326.982545	957	esrch	422	ESRCH	1787696327.941718	P<death<W (worker died in window)
C17_setsid_player	1	1787697211.846778949	1787697213.296642576	1787697213.428128477	1787697213.440436567	1787697211.854908	1787697212.866431	1787697213.877980	-	0	0	19823	-	-	-	0	2.5048	1787697215.461810	1787697217.966601	19759	esrch	2679968	ESRCH	1787697215.340142	P<death<W (worker died in window)
C17_setsid_player	2	1787697222.162464258	1787697223.622551389	1787697223.749888455	1787697223.760304961	1787697222.175299	1787697223.185537	1787697224.198787	-	0	0	19952	-	-	-	0	2.5078	1787697225.808413	1787697228.316180	19877	esrch	19823	ESRCH	1787697225.645212	P<death<W (worker died in window)
C17_setsid_player	3	1787697232.396644772	1787697233.848837901	1787697233.975838217	1787697233.987352681	1787697232.407985	1787697233.419729	1787697234.426721	-	0	0	20090	-	-	-	0	2.5086	1787697236.033190	1787697238.541782	20010	esrch	19823	ESRCH	1787697235.873568	P<death<W (worker died in window)
C17_setsid_player	4	1787697242.713070039	1787697244.158162831	1787697244.293309025	1787697244.307877366	1787697242.724928	1787697243.737633	1787697244.747987	-	0	0	20233	-	-	-	0	2.5085	1787697246.342802	1787697248.851300	20153	esrch	20090	ESRCH	1787697246.191247	P<death<W (worker died in window)
C17_setsid_player	5	1787697252.956330602	1787697254.410119855	1787697254.539611839	1787697254.554704472	1787697252.970938	1787697253.984709	1787697254.993371	-	0	0	20361	-	-	-	0	2.5071	1787697256.603349	1787697259.110493	20270	esrch	20090	ESRCH	1787697256.437961	P<death<W (worker died in window)
C17_setsid_player	6	1787697263.198520330	1787697264.655092752	1787697264.784911111	1787697264.794507532	1787697263.210622	1787697264.223416	1787697265.232929	-	0	0	20493	-	-	-	0	2.5023	1787697266.839087	1787697269.341390	20413	esrch	20090	ESRCH	1787697266.687879	P<death<W (worker died in window)
C17_setsid_player	7	1787697273.544591028	1787697275.002907035	1787697275.135546020	1787697275.149625028	1787697273.559254	1787697274.566117	1787697275.583699	-	0	0	20624	-	-	-	0	2.5085	1787697277.188815	1787697279.697313	20546	esrch	20090	ESRCH	1787697277.043211	P<death<W (worker died in window)
C17_setsid_player	8	1787697283.933159708	1787697285.388780129	1787697285.514455361	1787697285.524501241	1787697283.944139	1787697284.957761	1787697285.967243	-	0	0	20752	-	-	-	0	2.5040	1787697287.563926	1787697290.067941	20676	esrch	20090	ESRCH	1787697287.430056	P<death<W (worker died in window)
C17_setsid_player	9	1787697294.255389810	1787697295.714302525	1787697295.842402092	1787697295.855003515	1787697294.268143	1787697295.281945	1787697296.291606	-	0	0	20880	-	-	-	0	2.5085	1787697297.898831	1787697300.407353	20803	esrch	20752	ESRCH	1787697297.743301	P<death<W (worker died in window)
C17_setsid_player	10	1787697304.526689387	1787697305.978827099	1787697306.101764246	1787697306.115102753	1787697304.536933	1787697305.550836	1787697306.569503	-	0	0	21018	-	-	-	0	2.5029	1787697308.156149	1787697310.659061	20919	esrch	20752	ESRCH	1787697308.008931	P<death<W (worker died in window)
C17_setsid_player	11	1787697314.854036535	1787697316.304287203	1787697316.415306885	1787697316.425226016	1787697314.867478	1787697315.881063	1787697316.898198	-	0	0	21130	-	-	-	0	2.5040	1787697318.516330	1787697321.020316	21054	esrch	20752	ESRCH	1787697318.329599	P<death<W (worker died in window)
C17_setsid_player	12	1787697325.084895549	1787697326.532356007	1787697326.669634329	1787697326.678508583	1787697325.095377	1787697326.109857	1787697327.119040	-	0	0	21262	-	-	-	0	2.5099	1787697328.716932	1787697331.226880	21181	esrch	20752	ESRCH	1787697328.577304	P<death<W (worker died in window)
C2_hookside	1	1787692879.617385002	1787692881.270604764	1787692881.396789436	1787692881.404764807	1787692879.629985	1787692880.641721	1787692880.645870	1787692880.646970	0	0	56144	-15	15	0.6306	15	0.5622	1787692880.708966	1787692881.271160	56144	sent	56144	ESRCH	1787692881.404865	W<R (hook sees live pid)
C2_hookside	2	1787692887.590186993	1787692889.245369191	1787692889.368149858	1787692889.382412954	1787692887.603711	1787692888.615384	1787692888.618610	1787692888.619403	0	0	56221	-15	15	0.6322	15	0.5708	1787692888.675265	1787692889.246103	56221	sent	56221	ESRCH	1787692889.382525	W<R (hook sees live pid)
C2_hookside	3	1787692895.552126643	1787692897.205710941	1787692897.329283475	1787692897.336958725	1787692895.562688	1787692896.573907	1787692896.579640	1787692896.583907	0	0	56301	-15	15	0.634	15	0.5806	1787692896.626040	1787692897.206671	56301	sent	56301	ESRCH	1787692897.337029	W<R (hook sees live pid)
C2_hookside	4	1787692903.515599526	1787692905.163872715	1787692905.291771828	1787692905.306253670	1787692903.528220	1787692904.540583	1787692904.545648	1787692904.547244	0	0	56363	-15	15	0.6249	15	0.5556	1787692904.608895	1787692905.164455	56363	sent	56363	ESRCH	1787692905.306558	W<R (hook sees live pid)
C2_hookside	5	1787692911.456757527	1787692913.112251679	1787692913.235287635	1787692913.246589096	1787692911.468911	1787692912.477549	1787692912.481569	1787692912.482671	0	0	56438	-15	15	0.6375	15	0.5679	1787692912.545629	1787692913.113530	56438	sent	56438	ESRCH	1787692913.246680	W<R (hook sees live pid)
C2_hookside	6	1787692919.409067448	1787692921.065907919	1787692921.180418884	1787692921.189179456	1787692919.421609	1787692920.433380	1787692920.437675	1787692920.438947	0	0	56513	-15	15	0.6356	15	0.5726	1787692920.494474	1787692921.067100	56513	sent	56513	ESRCH	1787692921.189202	W<R (hook sees live pid)
C2_hookside	7	1787692927.343542938	1787692928.989084698	1787692929.106287051	1787692929.115187413	1787692927.354661	1787692928.365954	1787692928.369359	1787692928.370094	0	0	56579	-15	15	0.6254	15	0.5586	1787692928.431269	1787692928.989864	56579	sent	56579	ESRCH	1787692929.115271	W<R (hook sees live pid)
C2_hookside	8	1787692935.273439935	1787692936.927363938	1787692937.058720387	1787692937.066761675	1787692935.283348	1787692936.295286	1787692936.300461	1787692936.302014	0	0	56657	-15	15	0.6342	15	0.5667	1787692936.361322	1787692936.928030	56657	sent	56657	ESRCH	1787692937.066853	W<R (hook sees live pid)
C2_hookside	9	1787692943.224686909	1787692944.864058237	1787692944.982379578	1787692944.992923213	1787692943.234211	1787692944.245212	1787692944.247698	1787692944.248367	0	0	56735	-15	15	0.6198	15	0.5632	1787692944.301166	1787692944.864401	56735	sent	56735	ESRCH	1787692944.993063	W<R (hook sees live pid)
C2_hookside	10	1787692951.156548802	1787692952.815363836	1787692952.948425933	1787692952.958229035	1787692951.168794	1787692952.181134	1787692952.185311	1787692952.186144	0	0	56798	-15	15	0.6367	15	0.5633	1787692952.253167	1787692952.816490	56798	sent	56798	ESRCH	1787692952.958402	W<R (hook sees live pid)
C2_hookside	11	1787692959.126815737	1787692960.785292649	1787692960.911523196	1787692960.918323455	1787692959.138046	1787692960.149985	1787692960.155661	1787692960.157560	0	0	56883	-15	15	0.6398	15	0.5616	1787692960.225854	1787692960.787422	56883	sent	56883	ESRCH	1787692960.918458	W<R (hook sees live pid)
C2_hookside	12	1787692967.084126562	1787692968.745152947	1787692968.876125692	1787692968.888314351	1787692967.097672	1787692968.110080	1787692968.113304	1787692968.114345	0	0	56965	-15	15	0.6374	15	0.5670	1787692968.178982	1787692968.746032	56965	sent	56965	ESRCH	1787692968.888411	W<R (hook sees live pid)
C3_adversarial	1	1787692981.417031550	1787692982.872455500	1787692982.999050709	1787692983.009844258	1787692981.429230	1787692982.440539	1787692983.452369	1787692983.454107	0	0	57126	-30	30	0.0077	-	0(never_started)	-	-	57075	esrch	57126	sent	1787692983.455346	R<S2<R_b<P<W (adversarial)
C3_adversarial	2	1787692989.175893529	1787692990.629685289	1787692990.756916450	1787692990.767927372	1787692989.187562	1787692990.199103	1787692991.212837	1787692991.214972	0	0	57199	-30	30	0.0101	-	0(never_started)	-	-	57142	esrch	57199	sent	1787692991.216670	R<S2<R_b<P<W (adversarial)
C3_adversarial	3	1787692996.932016330	1787692998.384516146	1787692998.504608967	1787692998.516612295	1787692996.946801	1787692997.958823	1787692998.970404	1787692998.971794	0	0	57256	-30	30	0.0059	-	0(never_started)	-	-	57215	esrch	57256	sent	1787692998.972500	R<S2<R_b<P<W (adversarial)
C3_adversarial	4	1787693004.666582699	1787693006.124879159	1787693006.254446211	1787693006.266871327	1787693004.678635	1787693005.690883	1787693006.704696	1787693006.706432	0	0	57328	-30	30	0.0096	-	0(never_started)	-	-	57272	esrch	57328	sent	1787693006.707713	R<S2<R_b<P<W (adversarial)
C3_adversarial	5	1787693012.423772363	1787693013.870458658	1787693013.990541229	1787693014.001913772	1787693012.432336	1787693013.445198	1787693014.452671	1787693014.454212	0	0	57395	-30	30	0.0072	-	0(never_started)	-	-	57344	esrch	57395	sent	1787693014.455291	R<S2<R_b<P<W (adversarial)
C3_adversarial	6	1787693020.168926157	1787693021.619001291	1787693021.729494508	1787693021.739863438	1787693020.181507	1787693021.192913	1787693022.208263	1787693022.209784	0	0	57472	-30	30	0.0092	-	0(never_started)	-	-	57411	esrch	57472	sent	1787693022.211576	R<S2<R_b<P<W (adversarial)
C3_adversarial	7	1787693027.903334569	1787693029.360992996	1787693029.486285927	1787693029.498752834	1787693027.914621	1787693028.926329	1787693029.931089	1787693029.932475	0	0	57550	-30	30	0.0063	-	0(never_started)	-	-	57489	esrch	57550	sent	1787693029.933391	R<S2<R_b<P<W (adversarial)
C3_adversarial	8	1787693035.659796700	1787693037.107780939	1787693037.231756676	1787693037.242610184	1787693035.670195	1787693036.681804	1787693037.696018	1787693037.698065	0	0	57616	-30	30	0.0126	-	0(never_started)	-	-	57566	esrch	57616	sent	1787693037.700156	R<S2<R_b<P<W (adversarial)
C3_adversarial	9	1787693043.408330834	1787693044.862078343	1787693044.987540148	1787693044.999635350	1787693043.422285	1787693044.429217	1787693045.442229	1787693045.443113	0	0	57699	-30	30	0.0042	-	0(never_started)	-	-	57633	esrch	57699	sent	1787693045.443451	R<S2<R_b<P<W (adversarial)
C3_adversarial	10	1787693051.142937826	1787693052.585602998	1787693052.714045229	1787693052.726262096	1787693051.151718	1787693052.163593	1787693053.175601	1787693053.176413	0	0	57775	-30	30	0.0049	-	0(never_started)	-	-	57715	esrch	57775	sent	1787693053.177137	R<S2<R_b<P<W (adversarial)
C3_adversarial	11	1787693058.879680546	1787693060.339426491	1787693060.470014990	1787693060.477713448	1787693058.890929	1787693059.902537	1787693060.917761	1787693060.920308	0	0	57832	-30	30	0.0124	-	0(never_started)	-	-	57776	esrch	57832	sent	1787693060.922469	R<S2<R_b<P<W (adversarial)
C3_adversarial	12	1787693066.646942684	1787693068.091597459	1787693068.212755186	1787693068.224060771	1787693066.655895	1787693067.667585	1787693068.682617	1787693068.684687	0	0	57912	-30	30	0.0103	-	0(never_started)	-	-	57852	esrch	57912	sent	1787693068.686144	R<S2<R_b<P<W (adversarial)
C4_noclaimkill	1	1787693080.812535322	1787693082.273576170	1787693082.392230923	1787693082.405260907	1787693080.828814	1787693081.840878	1787693082.853930	1787693082.855524	0	0	58057	0	0	2.578	0	2.5020	1787693082.916103	1787693085.418112	58009	esrch	none	disabled	1787693082.856513	R<S2<R_b<P<W (adversarial)
C4_noclaimkill	2	1787693088.573143991	1787693090.024803565	1787693090.153936663	1787693090.167709680	1787693088.582774	1787693089.594093	1787693090.609258	1787693090.611300	0	0	58131	0	0	2.5769	0	2.5097	1787693090.665372	1787693093.175088	58074	esrch	none	disabled	1787693090.612947	R<S2<R_b<P<W (adversarial)
C4_noclaimkill	3	1787693096.333707785	1787693097.797713309	1787693097.930804030	1787693097.944505423	1787693096.346943	1787693097.352844	1787693098.369245	1787693098.370560	0	0	58211	0	0	2.5894	0	2.5068	1787693098.433407	1787693100.940248	58153	esrch	none	disabled	1787693098.372583	R<S2<R_b<P<W (adversarial)
C4_noclaimkill	4	1787693104.115837803	1787693105.566989758	1787693105.681052395	1787693105.685541471	1787693104.129678	1787693105.139639	1787693106.152006	1787693106.152851	0	0	58290	0	0	2.5421	0	2.5023	1787693106.180809	1787693108.683128	58217	esrch	none	disabled	1787693106.153488	R<S2<R_b<P<W (adversarial)
C4_noclaimkill	5	1787693111.839473457	1787693113.280508314	1787693113.395883978	1787693113.403576061	1787693111.850754	1787693112.856142	1787693113.861482	1787693113.862349	0	0	58366	0	0	2.579	0	2.5012	1787693113.919143	1787693116.420352	58306	esrch	none	disabled	1787693113.862804	R<S2<R_b<P<W (adversarial)
C4_noclaimkill	6	1787693119.563010945	1787693121.015646550	1787693121.138571507	1787693121.150375129	1787693119.577669	1787693120.584091	1787693121.597572	1787693121.599505	0	0	58432	0	0	2.5772	0	2.5004	1787693121.656727	1787693124.157138	58384	esrch	none	disabled	1787693121.600608	R<S2<R_b<P<W (adversarial)
C4_noclaimkill	7	1787693127.316224736	1787693128.775527061	1787693128.916880318	1787693128.930029258	1787693127.326102	1787693128.331681	1787693129.345457	1787693129.347733	0	0	58516	0	0	2.5854	0	2.5028	1787693129.410237	1787693131.913080	58453	esrch	none	disabled	1787693129.349832	R<S2<R_b<P<W (adversarial)
C4_noclaimkill	8	1787693135.103866153	1787693136.562195030	1787693136.690928299	1787693136.702304384	1787693135.121119	1787693136.125105	1787693137.142709	1787693137.143397	0	0	58591	0	0	2.5996	0	2.5025	1787693137.215061	1787693139.717596	58533	esrch	none	disabled	1787693137.143813	R<S2<R_b<P<W (adversarial)
C4_noclaimkill	9	1787693142.900499556	1787693144.354715103	1787693144.474524635	1787693144.484424861	1787693142.916722	1787693143.926219	1787693144.939183	1787693144.942337	0	0	58670	0	0	2.5941	0	2.5126	1787693145.001878	1787693147.514527	58609	esrch	none	disabled	1787693144.943512	R<S2<R_b<P<W (adversarial)
C4_noclaimkill	10	1787693150.653921969	1787693152.108622760	1787693152.235273010	1787693152.250051142	1787693150.670371	1787693151.677580	1787693152.689132	1787693152.690582	0	0	58760	0	0	2.5736	0	2.5053	1787693152.742808	1787693155.248080	58695	esrch	none	disabled	1787693152.691743	R<S2<R_b<P<W (adversarial)
C4_noclaimkill	11	1787693158.432575484	1787693159.885119215	1787693160.010014193	1787693160.021643483	1787693158.452136	1787693159.458962	1787693160.465960	1787693160.468229	0	0	58828	0	0	2.6031	0	2.5022	1787693160.548160	1787693163.050373	58779	esrch	none	disabled	1787693160.469246	R<S2<R_b<P<W (adversarial)
C4_noclaimkill	12	1787693166.191422297	1787693167.645707801	1787693167.763831352	1787693167.783309307	1787693166.210720	1787693167.217607	1787693168.224966	1787693168.226373	0	0	58912	0	0	2.6023	0	2.5055	1787693168.305834	1787693170.811290	58848	esrch	none	disabled	1787693168.227035	R<S2<R_b<P<W (adversarial)
C5_norecheck	1	1787693180.387438813	1787693181.839508007	1787693181.975759070	1787693181.996414179	1787693180.400007	1787693181.406559	1787693182.416241	1787693182.419372	skipped	0	59060	-30	30	0.0134	-	0(never_started)	-	-	59003	esrch	59060	sent	1787693182.421607	R<S2<R_b<P<W (adversarial)
C5_norecheck	2	1787693188.168656299	1787693189.634696343	1787693189.760997347	1787693189.772647845	1787693188.185533	1787693189.191605	1787693190.200383	1787693190.203393	skipped	0	59121	-30	30	0.0165	-	0(never_started)	-	-	59078	esrch	59121	sent	1787693190.207050	R<S2<R_b<P<W (adversarial)
C5_norecheck	3	1787693195.945391835	1787693197.405097072	1787693197.544968054	1787693197.562136951	1787693195.958684	1787693196.965099	1787693197.976157	1787693197.977527	skipped	0	59193	-30	30	0.0084	-	0(never_started)	-	-	59137	esrch	59193	sent	1787693197.978323	R<S2<R_b<P<W (adversarial)
C5_norecheck	4	1787693203.726823444	1787693205.190248224	1787693205.319734402	1787693205.335465982	1787693203.743247	1787693204.749439	1787693205.757087	1787693205.758351	skipped	0	59267	-30	30	0.0069	-	0(never_started)	-	-	59209	esrch	59267	sent	1787693205.759618	R<S2<R_b<P<W (adversarial)
C5_norecheck	5	1787693211.494716326	1787693212.939356768	1787693213.065225901	1787693213.079732661	1787693211.507468	1787693212.514485	1787693213.521246	1787693213.522191	skipped	0	59326	-30	30	0.0069	-	0(never_started)	-	-	59268	esrch	59326	sent	1787693213.522859	R<S2<R_b<P<W (adversarial)
C5_norecheck	6	1787693219.261498345	1787693220.746721221	1787693220.872147776	1787693220.888311475	1787693219.284128	1787693220.293131	1787693221.302157	1787693221.307575	skipped	0	59402	-30	30	0.0105	-	0(never_started)	-	-	59344	esrch	59402	sent	1787693221.308494	R<S2<R_b<P<W (adversarial)
C5_norecheck	7	1787693227.051675275	1787693228.509468367	1787693228.640883232	1787693228.657716674	1787693227.065165	1787693228.071464	1787693229.081337	1787693229.082836	skipped	0	59463	-30	30	0.0095	-	0(never_started)	-	-	59420	esrch	59463	sent	1787693229.084062	R<S2<R_b<P<W (adversarial)
C5_norecheck	8	1787693234.834666326	1787693236.323205168	1787693236.440921223	1787693236.502085184	1787693234.850273	1787693235.856400	1787693236.866133	1787693236.867469	skipped	0	59556	-30	30	0.0085	-	0(never_started)	-	-	59479	esrch	59556	sent	1787693236.868625	R<S2<R_b<P<W (adversarial)
C5_norecheck	9	1787693242.795303949	1787693244.243650475	1787693244.437082918	1787693244.468284538	1787693242.811467	1787693243.817677	1787693244.827661	1787693244.828918	skipped	0	59684	-30	30	0.0143	-	0(never_started)	-	-	59590	esrch	59684	sent	1787693244.830033	R<S2<R_b<P<W (adversarial)
C5_norecheck	10	1787693250.653299269	1787693252.110012830	1787693252.250830426	1787693252.267842492	1787693250.662344	1787693251.664386	1787693252.676821	1787693252.678642	skipped	0	59748	-30	30	0.0149	-	0(never_started)	-	-	59701	esrch	59748	sent	1787693252.680295	R<S2<R_b<P<W (adversarial)
C5_norecheck	11	1787693258.455731151	1787693259.897123919	1787693260.000888043	1787693260.004777292	1787693258.473722	1787693259.479436	1787693260.486953	1787693260.488017	skipped	0	59826	-30	30	0.006	-	0(never_started)	-	-	59769	esrch	59826	sent	1787693260.488615	R<S2<R_b<P<W (adversarial)
C5_norecheck	12	1787693266.158367573	1787693267.622742177	1787693267.759223320	1787693267.773903994	1787693266.173607	1787693267.180550	1787693268.188741	1787693268.190158	skipped	0	59903	-30	30	0.0064	-	0(never_started)	-	-	59842	esrch	59903	sent	1787693268.191226	R<S2<R_b<P<W (adversarial)
C6_handle	1	1787693280.350615005	1787693281.810641155	1787693281.945314068	1787693281.960023867	1787693280.364206	1787693281.369986	1787693282.382429	1787693282.385511	0	0	60038	-30	30	0.0134	-	0(never_started)	-	-	59992	esrch	60038	sent	1787693282.387448	R<S2<R_b<P<W (adversarial)
C6_handle	2	1787693288.112047290	1787693289.580884845	1787693289.705354785	1787693289.722488474	1787693288.126411	1787693289.131804	1787693290.149770	1787693290.150370	0	0	60113	-30	30	0.0045	-	0(never_started)	-	-	60056	esrch	60113	sent	1787693290.150839	R<S2<R_b<P<W (adversarial)
C6_handle	3	1787693295.903179044	1787693297.359841523	1787693297.491043682	1787693297.504694534	1787693295.922168	1787693296.926063	1787693297.939498	1787693297.943552	0	0	60170	-30	30	0.0157	-	0(never_started)	-	-	60129	esrch	60170	sent	1787693297.945817	R<S2<R_b<P<W (adversarial)
C6_handle	4	1787693303.673793730	1787693305.124715770	1787693305.250085575	1787693305.261844365	1787693303.688299	1787693304.693803	1787693305.703662	1787693305.705311	0	0	60251	-30	30	0.0078	-	0(never_started)	-	-	60191	esrch	60251	sent	1787693305.706378	R<S2<R_b<P<W (adversarial)
C6_handle	5	1787693311.462378100	1787693312.929454087	1787693313.041482436	1787693313.049880020	1787693311.477750	1787693312.485253	1787693313.495193	1787693313.496901	0	0	60325	-30	30	0.0094	-	0(never_started)	-	-	60267	esrch	60325	sent	1787693313.498700	R<S2<R_b<P<W (adversarial)
C6_handle	6	1787693319.208857685	1787693320.659632501	1787693320.778708003	1787693320.790793090	1787693319.221303	1787693320.228656	1787693321.238276	1787693321.239377	0	0	60382	-30	30	0.0067	-	0(never_started)	-	-	60341	esrch	60382	sent	1787693321.239881	R<S2<R_b<P<W (adversarial)
C6_handle	7	1787693326.967735694	1787693328.420566942	1787693328.548038830	1787693328.559561803	1787693326.979801	1787693327.987942	1787693329.001527	1787693329.004177	0	0	60455	-30	30	0.0252	-	0(never_started)	-	-	60398	esrch	60455	sent	1787693329.009359	R<S2<R_b<P<W (adversarial)
C6_handle	8	1787693334.706172473	1787693336.169271293	1787693336.295204422	1787693336.303639416	1787693334.723252	1787693335.726675	1787693336.730932	1787693336.732098	0	0	60513	-30	30	0.0077	-	0(never_started)	-	-	60471	esrch	60513	sent	1787693336.733362	R<S2<R_b<P<W (adversarial)
C6_handle	9	1787693342.465842162	1787693343.915771561	1787693344.035411252	1787693344.045665367	1787693342.481370	1787693343.486820	1787693344.497523	1787693344.499000	0	0	60588	-30	30	0.0085	-	0(never_started)	-	-	60529	esrch	60588	sent	1787693344.500134	R<S2<R_b<P<W (adversarial)
C6_handle	10	1787693350.199973763	1787693351.668483219	1787693351.794853365	1787693351.813657626	1787693350.211971	1787693351.218572	1787693352.222407	1787693352.224402	0	0	60661	-30	30	0.0074	-	0(never_started)	-	-	60605	esrch	60661	sent	1787693352.225559	R<S2<R_b<P<W (adversarial)
C6_handle	11	1787693357.992758317	1787693359.447284454	1787693359.568163415	1787693359.581630975	1787693358.008398	1787693359.013605	1787693360.019625	1787693360.021212	0	0	60720	-30	30	0.0065	-	0(never_started)	-	-	60677	esrch	60720	sent	1787693360.022095	R<S2<R_b<P<W (adversarial)
C6_handle	12	1787693365.753122990	1787693367.224993210	1787693367.359767243	1787693367.372872473	1787693365.770340	1787693366.777347	1787693367.791244	1787693367.796851	0	0	60796	-30	30	0.0219	-	0(never_started)	-	-	60736	esrch	60796	sent	1787693367.802739	R<S2<R_b<P<W (adversarial)
C7_noreap	1	1787693379.950349587	1787693381.595472344	1787693381.719150230	1787693381.732896421	1787693379.960000	1787693380.968425	1787693380.973229	1787693380.974316	0	0	60927	-	-	-	15	0.5488	1787693381.047819	1787693381.596591	60927	sent	60927	sent	1787693381.733143	W<R (hook sees live pid)
C7_noreap	2	1787693387.904346918	1787693389.573425714	1787693389.698484502	1787693389.712043450	1787693387.928921	1787693388.940846	1787693388.951239	1787693388.953834	0	0	61002	-	-	-	15	0.5591	1787693389.015429	1787693389.574564	61002	sent	61002	sent	1787693389.712206	W<R (hook sees live pid)
C7_noreap	3	1787693395.857182291	1787693397.512436371	1787693397.649458820	1787693397.663412223	1787693395.870123	1787693396.874615	1787693396.877825	1787693396.878257	0	0	61062	-	-	-	15	0.5725	1787693396.941753	1787693397.514238	61062	sent	61062	sent	1787693397.663559	W<R (hook sees live pid)
C7_noreap	4	1787693403.819036745	1787693405.480294329	1787693405.608126499	1787693405.621933083	1787693403.830950	1787693404.838406	1787693404.843231	1787693404.843972	0	0	61141	-	-	-	15	0.5644	1787693404.918584	1787693405.482940	61141	sent	61141	sent	1787693405.622227	W<R (hook sees live pid)
C7_noreap	5	1787693411.782367180	1787693413.423423708	1787693413.536614875	1787693413.547430747	1787693411.794511	1787693412.799215	1787693412.801942	1787693412.802371	0	0	61224	-	-	-	15	0.5699	1787693412.854582	1787693413.424507	61224	sent	61224	sent	1787693413.547575	W<R (hook sees live pid)
C7_noreap	6	1787693419.701269790	1787693421.346938829	1787693421.463353565	1787693421.474312929	1787693419.713148	1787693420.716432	1787693420.720675	1787693420.721299	0	0	61296	-	-	-	15	0.5672	1787693420.781235	1787693421.348420	61296	sent	61296	sent	1787693421.474336	W<R (hook sees live pid)
C7_noreap	7	1787693427.638607943	1787693429.293345304	1787693429.411014690	1787693429.421132053	1787693427.657283	1787693428.663687	1787693428.667984	1787693428.668759	0	0	61358	-	-	-	15	0.5594	1787693428.735330	1787693429.294765	61358	sent	61358	sent	1787693429.421240	W<R (hook sees live pid)
C7_noreap	8	1787693435.575788677	1787693437.230807957	1787693437.348306687	1787693437.362586942	1787693435.587161	1787693436.593297	1787693436.596684	1787693436.597588	0	0	61431	-	-	-	15	0.5646	1787693436.667042	1787693437.231653	61431	sent	61431	sent	1787693437.362719	W<R (hook sees live pid)
C7_noreap	9	1787693443.520444987	1787693445.164091267	1787693445.289639642	1787693445.305643177	1787693443.533533	1787693444.539876	1787693444.549363	1787693444.550085	0	0	61504	-	-	-	15	0.5591	1787693444.605640	1787693445.164747	61504	sent	61504	sent	1787693445.305879	W<R (hook sees live pid)
C7_noreap	10	1787693451.497124701	1787693453.160575414	1787693453.285291656	1787693453.300797192	1787693451.520434	1787693452.525093	1787693452.530448	1787693452.531883	0	0	61561	-	-	-	15	0.5549	1787693452.607013	1787693453.161929	61561	sent	61561	sent	1787693453.300903	W<R (hook sees live pid)
C7_noreap	11	1787693459.455048123	1787693461.110701368	1787693461.232966201	1787693461.246743079	1787693459.470777	1787693460.473915	1787693460.477228	1787693460.477683	0	0	61640	-	-	-	15	0.5766	1787693460.534974	1787693461.111586	61640	sent	61640	sent	1787693461.246691	W<R (hook sees live pid)
C7_noreap	12	1787693467.418829001	1787693469.075076059	1787693469.216060029	1787693469.228770580	1787693467.428910	1787693468.432990	1787693468.438244	1787693468.438936	0	0	61716	-	-	-	15	0.5733	1787693468.503886	1787693469.077218	61716	sent	61716	sent	1787693469.228903	W<R (hook sees live pid)
C8_orphan	1	1787693482.636796355	1787693484.094164690	1787693484.215425563	1787693484.226094334	1787693482.652541	1787693483.657009	1787693484.665915	-	0	0	61881	-	-	-	0	2.5045	1787693484.716389	1787693487.220851	61824	esrch	61824	ESRCH	1787693486.518694	P<death<W (worker died in window)
C8_orphan	2	1787693493.381243467	1787693494.843038304	1787693494.963931886	1787693494.978399134	1787693493.407909	1787693494.411105	1787693495.420194	-	0	0	62005	-	-	-	0	2.5041	1787693495.458247	1787693497.962381	61932	esrch	61932	ESRCH	1787693497.241185	P<death<W (worker died in window)
C8_orphan	3	1787693504.009745263	1787693505.464570091	1787693505.588397115	1787693505.601050207	1787693504.025769	1787693505.031648	1787693506.041039	-	0	0	62126	-	-	-	0	2.5034	1787693506.090212	1787693508.593585	62051	esrch	62051	ESRCH	1787693507.908599	P<death<W (worker died in window)
C8_orphan	4	1787693514.714703696	1787693516.173935162	1787693516.298842469	1787693516.309029451	1787693514.727076	1787693515.734391	1787693516.740969	-	0	0	62248	-	-	-	0	2.5042	1787693516.803540	1787693519.307745	62173	esrch	62173	ESRCH	1787693518.588393	P<death<W (worker died in window)
C8_orphan	5	1787693525.342310145	1787693526.790243843	1787693526.904960419	1787693526.914204906	1787693525.354459	1787693526.361968	1787693527.370338	-	0	0	62371	-	-	-	0	2.5010	1787693527.415560	1787693529.916516	62296	esrch	62296	ESRCH	1787693529.189243	P<death<W (worker died in window)
C8_orphan	6	1787693535.943404452	1787693537.411397154	1787693537.535419217	1787693537.544726204	1787693535.958030	1787693536.964726	1787693537.975638	-	0	0	62496	-	-	-	0	2.5013	1787693538.032211	1787693540.533477	62420	esrch	62420	ESRCH	1787693539.885584	P<death<W (worker died in window)
C8_orphan	7	1787693546.616275035	1787693548.058114974	1787693548.190094865	1787693548.211442073	1787693546.627200	1787693547.634323	1787693548.645817	-	0	0	62614	-	-	-	0	2.5037	1787693548.708057	1787693551.211770	62543	esrch	62543	ESRCH	1787693550.509541	P<death<W (worker died in window)
C8_orphan	8	1787693557.287987127	1787693558.735068537	1787693558.862580328	1787693558.881323885	1787693557.299919	1787693558.306757	1787693559.315418	-	0	0	62735	-	-	-	0	2.5016	1787693559.362017	1787693561.863649	62662	esrch	62662	ESRCH	1787693561.180629	P<death<W (worker died in window)
C8_orphan	9	1787693568.008755265	1787693569.474675646	1787693569.608073446	1787693569.627972246	1787693568.025985	1787693569.034277	1787693570.043421	-	0	0	62871	-	-	-	0	2.5015	1787693570.086584	1787693572.588098	62782	esrch	62782	ESRCH	1787693571.886303	P<death<W (worker died in window)
C8_orphan	10	1787693578.739049387	1787693580.202496824	1787693580.319059097	1787693580.329146121	1787693578.756593	1787693579.763538	1787693580.771896	-	0	0	62996	-	-	-	0	2.5014	1787693580.825730	1787693583.327106	62921	esrch	62921	ESRCH	1787693582.613432	P<death<W (worker died in window)
C8_orphan	11	1787693589.452184442	1787693590.930267460	1787693591.066516534	1787693591.086081502	1787693589.468875	1787693590.475312	1787693591.481912	-	0	0	63117	-	-	-	0	2.5026	1787693591.534278	1787693594.036903	63045	esrch	63045	ESRCH	1787693593.348932	P<death<W (worker died in window)
C8_orphan	12	1787693600.188775360	1787693601.640960530	1787693601.767350745	1787693601.779563048	1787693600.203173	1787693601.209399	1787693602.217765	-	0	0	63235	-	-	-	0	2.5010	1787693602.262445	1787693604.763489	63164	esrch	63164	ESRCH	1787693604.062979	P<death<W (worker died in window)
C9_ledger	1	1787693617.271807588	1787693618.744822053	1787693618.877282233	1787693618.892723184	1787693617.292781	1787693618.300735	1787693619.311525	-	0	0	63439	-	-	-	31	0.8656	1787693619.361444	1787693620.227037	63363	esrch	none	no_target	1787693621.194101	P<death<W (worker died in window)
C9_ledger	2	1787693627.962690733	1787693629.425303091	1787693629.551775598	1787693629.565583017	1787693627.983382	1787693628.991456	1787693630.008163	-	0	0	63563	-	-	-	31	0.8196	1787693630.065348	1787693630.884980	63485	esrch	none	no_target	1787693631.840785	P<death<W (worker died in window)
C9_ledger	3	1787693638.675955244	1787693640.132704679	1787693640.256201370	1787693640.267112055	1787693638.689498	1787693639.696194	1787693640.704292	-	0	0	63694	-	-	-	31	0.8257	1787693640.762190	1787693641.587923	63610	esrch	none	no_target	1787693642.547378	P<death<W (worker died in window)
C9_ledger	4	1787693649.307819152	1787693650.760130114	1787693650.876831136	1787693650.887033368	1787693649.321023	1787693650.327334	1787693651.338556	-	0	0	63822	-	-	-	31	0.8167	1787693651.375982	1787693652.192708	63747	esrch	none	no_target	1787693653.151990	P<death<W (worker died in window)
C9_ledger	5	1787693659.947472349	1787693661.410855703	1787693661.535829760	1787693661.548748642	1787693659.966202	1787693660.973354	1787693661.981649	-	0	0	63939	-	-	-	31	0.8431	1787693662.043093	1787693662.886241	63869	esrch	none	no_target	1787693663.845560	P<death<W (worker died in window)
C9_ledger	6	1787693670.676123438	1787693672.120754152	1787693672.237386716	1787693672.251073052	1787693670.691337	1787693671.698023	1787693672.711607	-	0	0	64061	-	-	-	31	0.8229	1787693672.772138	1787693673.594998	63988	esrch	none	no_target	1787693674.554243	P<death<W (worker died in window)
C9_ledger	7	1787693681.385190225	1787693682.827997493	1787693682.952887758	1787693682.969604452	1787693681.393077	1787693682.397397	1787693683.404231	-	0	0	64186	-	-	-	31	0.8426	1787693683.439212	1787693684.281850	64114	esrch	none	no_target	1787693685.238874	P<death<W (worker died in window)
C9_ledger	8	1787693692.026213621	1787693693.475579725	1787693693.596639971	1787693693.611116845	1787693692.040720	1787693693.048410	1787693694.057045	-	0	0	64304	-	-	-	31	0.8301	1787693694.117134	1787693694.947234	64233	esrch	none	no_target	1787693695.907654	P<death<W (worker died in window)
C9_ledger	9	1787693702.714627739	1787693704.174885903	1787693704.295861608	1787693704.310134358	1787693702.728036	1787693703.732056	1787693704.742576	-	0	0	64429	-	-	-	31	0.8158	1787693704.801789	1787693705.617629	64351	esrch	none	no_target	1787693706.576265	P<death<W (worker died in window)
C9_ledger	10	1787693713.377590380	1787693714.833169531	1787693714.954441151	1787693714.967887030	1787693713.394344	1787693714.399844	1787693715.407298	-	0	0	64550	-	-	-	31	0.8700	1787693715.444497	1787693716.314492	64476	esrch	none	no_target	1787693717.275326	P<death<W (worker died in window)
C9_ledger	11	1787693724.065750040	1787693725.513774901	1787693725.645307295	1787693725.657519807	1787693724.079033	1787693725.089832	1787693726.102594	-	0	0	64672	-	-	-	31	0.8301	1787693726.164489	1787693726.994620	64598	esrch	none	no_target	1787693727.957949	P<death<W (worker died in window)
C9_ledger	12	1787693734.822767505	1787693736.276109085	1787693736.404539664	1787693736.414368356	1787693734.838920	1787693735.846320	1787693736.855293	-	0	0	64802	-	-	-	31	0.8272	1787693736.922136	1787693737.749289	64725	esrch	none	no_target	1787693738.712361	P<death<W (worker died in window)
